Date,Subscribers,Difference
2016-11-09,1431003,
2016-11-10,1439725,8722
2016-11-11,1448460,8735
2016-11-12,1458075,9615
2016-11-13,1467542,9467
2016-11-14,1475393,7851
2016-11-15,1481486,6093
2016-11-16,1487628,6142
2016-11-17,1494804,7176
2016-11-18,1502793,7989
2016-11-19,1511938,9145
2016-11-20,1524269,12331
2016-11-21,1535022,10753
2016-11-22,1542693,7671
2016-11-23,1549793,7100
2016-11-24,1556996,7203
2016-11-25,1563830,6834
2016-11-26,1571771,7941
2016-11-27,1580968,9197
2016-11-28,1589465,8497
2016-11-29,1596036,6571
2016-11-30,1602436,6400
2016-12-01,1608227,5791
2016-12-02,1614422,6195
2016-12-03,1620841,6419
2016-12-04,1628644,7803
2016-12-05,1635839,7195
2016-12-06,1641533,5694
2016-12-08,1652014,10481
2016-12-09,1657645,5631
2016-12-10,1664118,6473
2016-12-11,1671817,7699
2016-12-12,1679020,7203
2016-12-13,1685588,6568
2016-12-14,1691219,5631
2016-12-15,1697029,5810
2016-12-16,1702657,5628
2016-12-17,1709159,6502
2016-12-18,1715901,6742
2016-12-19,1721979,6078
2016-12-20,1727702,5723
2016-12-21,1733492,5790
2016-12-22,1739458,5966
2016-12-23,1745560,6102
2016-12-24,1752528,6968
2016-12-25,1758264,5736
2016-12-26,1763813,5549
2016-12-27,1772578,8765
2016-12-28,1781751,9173
2016-12-29,1789546,7795
2016-12-30,1797068,7522
2016-12-31,1805069,8001
2017-01-01,1811622,6553
2017-01-02,1818579,6957
2017-01-03,1825153,6574
2017-01-04,1831233,6080
2017-01-05,1836993,5760
2017-01-06,1843134,6141
2017-01-07,1849961,6827
2017-01-08,1857431,7470
2017-01-09,1863565,6134
2017-01-10,1868868,5303
2017-01-11,1874423,5555
2017-01-12,1879883,5460
2017-01-13,1885605,5722
2017-01-14,1892286,6681
2017-01-15,1899358,7072
2017-01-16,1905688,6330
2017-01-17,1911494,5806
2017-01-18,1916953,5459
2017-01-19,1923165,6212
2017-01-20,1931376,8211
2017-01-21,1940537,9161
2017-01-22,1948326,7789
2017-01-23,1955070,6744
2017-01-24,1961005,5935
2017-01-25,1967052,6047
2017-01-26,1972297,5245
2017-01-27,1979010,6713
2017-01-28,1986248,7238
2017-01-29,1993312,7064
2017-01-30,1999501,6189
2017-01-31,2006588,7087
2017-02-01,2013886,7298
2017-02-02,2020600,6714
2017-02-03,2027630,7030
2017-02-04,2034533,6903
2017-02-05,2042218,7685
2017-02-06,2048238,6020
2017-02-07,2053582,5344
2017-02-08,2058542,4960
2017-02-09,2064029,5487
2017-02-10,2069918,5889
2017-02-11,2076567,6649
2017-02-12,2083638,7071
2017-02-13,2089664,6026
2017-02-14,2094586,4922
2017-02-15,2099307,4721
2017-02-16,2104441,5134
2017-02-17,2109739,5298
2017-02-19,2122854,13115
2017-02-20,2129029,6175
2017-02-21,2134384,5355
2017-02-22,2139780,5396
2017-02-23,2146291,6511
2017-02-24,2152612,6321
2017-02-25,2161111,8499
2017-02-26,2168231,7120
2017-02-27,2174128,5897
2017-02-28,2179429,5301
2017-03-01,2184474,5045
2017-03-02,2189292,4818
2017-03-03,2194514,5222
2017-03-04,2200813,6299
2017-03-05,2207666,6853
2017-03-06,2213151,5485
2017-03-07,2217992,4841
2017-03-08,2222913,4921
2017-03-09,2227400,4487
2017-03-10,2232280,4880
2017-03-11,2237989,5709
2017-03-12,2244327,6338
2017-03-13,2249298,4971
2017-03-14,2253850,4552
2017-03-15,2258515,4665
2017-03-16,2263433,4918
2017-03-17,2268312,4879
2017-03-18,2273474,5162
2017-03-19,2279564,6090
2017-03-20,2284473,4909
2017-03-21,2289042,4569
2017-03-22,2293633,4591
2017-03-23,2298334,4701
2017-03-24,2303229,4895
2017-03-25,2308540,5311
2017-03-26,2314211,5671
2017-03-27,2319052,4841
2017-03-28,2323332,4280
2017-03-29,2327411,4079
2017-03-30,2331828,4417
2017-03-31,2336284,4456
2017-04-01,2341641,5357
2017-04-02,2347070,5429
2017-04-03,2351877,4807
2017-04-04,2356291,4414
2017-04-05,2360827,4536
2017-04-06,2366027,5200
2017-04-11,2391918,25891
2017-04-12,2397159,5241
2017-04-13,2402466,5307
2017-04-14,2407509,5043
2017-04-15,2413276,5767
2017-04-16,2418785,5509
2017-04-17,2423713,4928
2017-04-18,2428586,4873
2017-04-19,2433063,4477
2017-04-20,2437881,4818
2017-04-21,2442879,4998
2017-04-22,2448080,5201
2017-04-23,2453589,5509
2017-04-24,2458398,4809
2017-04-25,2462840,4442
2017-04-26,2467235,4395
2017-04-27,2471604,4369
2017-04-28,2476300,4696
2017-04-29,2481704,5404
2017-04-30,2487467,5763
2017-05-01,2492763,5296
2017-05-02,2497671,4908
2017-05-03,2501622,3951
2017-05-04,2506137,4515
2017-05-05,2510693,4556
2017-05-06,2515539,4846
2017-05-07,2520957,5418
2017-05-08,2525401,4444
2017-05-09,2529524,4123
2017-05-10,2533959,4435
2017-05-11,2538796,4837
2017-05-12,2543610,4814
2017-05-13,2549081,5471
2017-05-14,2555065,5984
2017-05-15,2559968,4903
2017-05-16,2564983,5015
2017-05-17,2569855,4872
2017-05-18,2574781,4926
2017-05-19,2579592,4811
2017-05-20,2585251,5659
2017-05-21,2591178,5927
2017-05-22,2595951,4773
2017-05-23,2600877,4926
2017-05-24,2605798,4921
2017-05-25,2610884,5086
2017-05-26,2615680,4796
2017-05-27,2621303,5623
2017-05-28,2627036,5733
2017-05-29,2632153,5117
2017-05-30,2636623,4470
2017-05-31,2641272,4649
2017-06-01,2646338,5066
2017-06-02,2651146,4808
2017-06-03,2656484,5338
2017-06-04,2662377,5893
2017-06-05,2667620,5243
2017-06-06,2672665,5045
2017-06-07,2677721,5056
2017-06-08,2682276,4555
2017-06-09,2687964,5688
2017-06-10,2694140,6176
2017-06-11,2700731,6591
2017-06-12,2706600,5869
2017-06-13,2710903,4303
2017-06-14,2716652,5749
2017-06-15,2722502,5850
2017-06-16,2728051,5549
2017-06-17,2734711,6660
2017-06-18,2741310,6599
2017-06-19,2747715,6405
2017-06-20,2771316,23601
2017-06-21,2812237,40921
2017-06-22,2852208,39971
2017-06-23,3027590,175382
2017-06-24,3090419,62829
2017-06-25,3140219,49800
2017-06-26,3172694,32475
2017-06-27,3184960,12266
2017-06-28,3203101,18141
2017-06-29,3218917,15816
2017-06-30,3232899,13982
2017-07-01,3249368,16469
2017-07-02,3264586,15218
2017-07-03,3279505,14919
2017-07-04,3292905,13400
2017-07-05,3304353,11448
2017-07-06,3316518,12165
2017-07-07,3329099,12581
2017-07-08,3343461,14362
2017-07-09,3358519,15058
2017-07-10,3372221,13702
2017-07-11,3383820,11599
2017-07-12,3393818,9998
2017-07-13,3404682,10864
2017-07-14,3426061,21379
2017-07-15,3442146,16085
2017-07-16,3457774,15628
2017-07-17,3470545,12771
2017-07-18,3486099,15554
2017-07-19,3498034,11935
2017-07-20,3509651,11617
2017-07-21,3521856,12205
2017-07-22,3535112,13256
2017-07-23,3547572,12460
2017-07-24,3560506,12934
2017-07-25,3570274,9768
2017-07-26,3580220,9946
2017-07-27,3589958,9738
2017-07-28,3600379,10421
2017-07-29,3611815,11436
2017-07-30,3623394,11579
2017-07-31,3633107,9713
2017-08-01,3635534,2427
2017-08-02,3644970,9436
2017-08-03,3653920,8950
2017-08-04,3663607,9687
2017-08-05,3674602,10995
2017-08-06,3685752,11150
2017-08-07,3695065,9313
2017-08-08,3705881,10816
2017-08-09,3715714,9833
2017-08-10,3725097,9383
2017-08-11,3734724,9627
2017-08-12,3745640,10916
2017-08-13,3756750,11110
2017-08-14,3769865,13115
2017-08-15,3780543,10678
2017-08-16,3789808,9265
2017-08-17,3800105,10297
2017-08-18,3809179,9074
2017-08-19,3820280,11101
2017-08-20,3831665,11385
2017-08-21,3841008,9343
2017-08-22,3849563,8555
2017-08-23,3856780,7217
2017-08-24,3864712,7932
2017-08-25,3873265,8553
2017-08-26,3882684,9419
2017-08-27,3893340,10656
2017-08-28,3901887,8547
2017-08-29,3909727,7840
2017-08-30,3918303,8576
2017-08-31,3927304,9001
2017-09-01,3936824,9520
2017-09-02,3947665,10841
2017-09-03,3958318,10653
2017-09-04,3966800,8482
2017-09-05,3975131,8331
2017-09-06,3983012,7881
2017-09-07,3990410,7398
2017-09-08,3998947,8537
2017-09-09,4009456,10509
2017-09-10,4019933,10477
2017-09-11,4028314,8381
2017-09-12,4035431,7117
2017-09-13,4042916,7485
2017-09-14,4049697,6781
2017-09-15,4058250,8553
2017-09-16,4066593,8343
2017-09-17,4075898,9305
2017-09-18,4088199,12301
2017-09-19,4097502,9303
2017-09-20,4102954,5452
2017-09-21,4115640,12686
2017-09-22,4123642,8002
2017-09-23,4133769,10127
2017-09-24,4143912,10143
2017-09-25,4151318,7406
2017-09-26,4156166,4848
2017-09-27,4164602,8436
2017-09-28,4171448,6846
2017-09-29,4179092,7644
2017-09-30,4184755,5663
2017-10-01,4194356,9601
2017-10-02,4205316,10960
2017-10-03,4212003,6687
2017-10-04,4218499,6496
2017-10-05,4225368,6869
2017-10-06,4232467,7099
2017-10-07,4241934,9467
2017-10-08,4251411,9477
2017-10-09,4258601,7190
2017-10-10,4265561,6960
2017-10-11,4270126,4565
2017-10-12,4279064,8938
2017-10-13,4284151,5087
2017-10-14,4292127,7976
2017-10-15,4305324,13197
2017-10-16,4313098,7774
2017-10-17,4317851,4753
2017-10-18,4327208,9357
2017-10-19,4334206,6998
2017-10-20,4341589,7383
2017-10-21,4350623,9034
2017-10-22,4360717,10094
2017-10-23,4368323,7606
2017-10-24,4374956,6633
2017-10-25,4381530,6574
2017-10-26,4386156,4626
2017-10-27,4395846,9690
2017-10-28,4401145,5299
2017-10-29,4410278,9133
2017-10-30,4420939,10661
2017-10-31,4428384,7445
2017-11-01,4435002,6618
2017-11-02,4441958,6956
2017-11-03,4449919,7961
2017-11-04,4459752,9833
2017-11-05,4469111,9359
2017-11-06,4476647,7536
2017-11-07,4482106,5459
2017-11-08,4487850,5744
2017-11-09,4494721,6871
2017-11-10,4502993,8272
2017-11-11,4509397,6404
2017-11-12,4522555,13158
2017-11-13,4527755,5200
2017-11-14,4535659,7904
2017-11-15,4542519,6860
2017-11-16,4547016,4497
2017-11-17,4555408,8392
2017-11-18,4564765,9357
2017-11-19,4574820,10055
2017-11-20,4582058,7238
2017-11-21,4588597,6539
2017-11-22,4595481,6884
2017-11-23,4603858,8377
2017-11-24,4610374,6516
2017-11-25,4624666,14292
2017-11-26,4635471,10805
2017-11-27,4643821,8350
2017-11-28,4650887,7066
2017-11-29,4658059,7172
2017-11-30,4662859,4800
2017-12-01,4671159,8300
2017-12-02,4683499,12340
2017-12-03,4694130,10631
2017-12-04,4703188,9058
2017-12-05,4711284,8096
2017-12-06,4716184,4900
2017-12-07,4726180,9996
2017-12-08,4734423,8243
2017-12-09,4743534,9111
2017-12-10,4753364,9830
2017-12-11,4760990,7626
2017-12-12,4768579,7589
2017-12-13,4773518,4939
2017-12-17,4814377,40859
2017-12-18,4822399,8022
2017-12-19,4828141,5742
2017-12-20,4835810,7669
2017-12-21,4847888,12078
2017-12-22,4853230,5342
2017-12-23,4864720,11490
2017-12-24,4880044,15324
2017-12-25,4890874,10830
2017-12-26,4918602,27728
2017-12-27,4934124,15522
2017-12-28,4955650,21526
2017-12-29,4968968,13318
2017-12-30,4984218,15250
2017-12-31,5000319,16101
2018-01-01,5019495,19176
2018-01-02,5034150,14655
2018-01-03,5046810,12660
2018-01-04,5055655,8845
2018-01-05,5069672,14017
2018-01-06,5083793,14121
2018-01-07,5119224,35431
2018-01-08,5149465,30241
2018-01-09,5159121,9656
2018-01-10,5174670,15549
2018-01-11,5191194,16524
2018-01-12,5204667,13473
2018-01-13,5218522,13855
2018-01-14,5241401,22879
2018-01-15,5267659,26258
2018-01-16,5279925,12266
2018-01-17,5291485,11560
2018-01-18,5306124,14639
2018-01-19,5321773,15649
2018-01-20,5338965,17192
2018-01-21,5356346,17381
2018-01-22,5374760,18414
2018-01-23,5387994,13234
2018-01-24,5398214,10220
2018-01-25,5407655,9441
2018-01-27,5434709,27054
2018-01-29,5475469,40760
2018-01-31,5496411,20942
2018-02-01,5510417,14006
2018-02-03,5536311,25894
2018-02-05,5568052,31741
2018-02-07,5593994,25942
2018-02-09,5616600,22606
2018-02-11,5643971,27371
2018-02-13,5665644,21673
2018-02-15,5689277,23633
2018-02-17,5715996,26719
2018-02-19,5744822,28826
2018-02-21,5764735,19913
2018-02-23,5788080,23345
2018-02-25,5813139,25059
2018-02-26,5826822,13683
2018-02-27,5835754,8932
2018-03-01,5854795,19041
2018-03-03,5873666,18871
2018-03-05,5900015,26349
2018-03-07,5918891,18876
2018-03-09,5941525,22634
2018-03-11,5965004,23479
2018-03-13,5987680,22676
2018-03-15,6019718,32038
2018-03-17,6032642,12924
2018-03-19,6057017,24375
2018-03-21,6078661,21644
2018-03-23,6097857,19196
2018-03-25,6124358,26501
2018-03-27,6153178,28820
2018-03-29,6173202,20024
2018-03-31,6195044,21842
2018-04-01,6207781,12737
2018-04-03,6229064,21283
2018-04-05,6251274,22210
2018-04-07,6277053,25779
2018-04-09,6301450,24397
2018-04-11,6323752,22302
2018-04-13,6343386,19634
2018-04-15,6366974,23588
2018-04-17,6387306,20332
2018-04-19,6408061,20755
2018-04-21,6426571,18510
2018-04-23,6453160,26589
2018-04-25,6470500,17340
2018-04-27,6491447,20947
2018-04-29,6513286,21839
2018-05-01,6538085,24799
2018-05-03,6558855,20770
2018-05-05,6580642,21787
2018-05-07,6607606,26964
2018-05-09,6631244,23638
2018-05-11,6655267,24023
2018-05-13,6682930,27663
2018-05-15,6711632,28702
2018-05-17,6735565,23933
2018-05-19,6757830,22265
2018-05-21,6789522,31692
2018-05-23,6810397,20875
2018-05-25,6834207,23810
2018-05-27,6861433,27226
2018-05-29,6886819,25386
2018-05-31,6912178,25359
2018-06-01,6925362,13184
2018-06-03,6952381,27019
2018-06-05,6978756,26375
2018-06-07,7020561,41805
2018-06-09,7066798,46237
2018-06-11,7111381,44583
2018-06-13,7144945,33564
2018-06-15,7285051,140106
2018-06-17,7899688,614637
2018-06-19,8152791,253103
2018-06-21,8316112,163321
2018-06-23,8473778,157666
2018-06-25,8600465,126687
2018-06-27,8702487,102022
2018-06-29,8805073,102586
2018-07-01,8913852,108779
2018-07-03,9018370,104518
2018-07-04,9073966,55596
2018-07-05,9102961,28995
2018-07-07,9191269,88308
2018-07-09,9279459,88190
2018-07-11,9378470,99011
2018-07-13,9452956,74486
2018-07-15,9561771,108815
2018-07-17,9624167,62396
2018-07-19,9703258,79091
2018-07-21,9789511,86253
2018-07-23,9879974,90463
2018-07-25,9959137,79163
2018-07-27,10030395,71258
2018-07-29,10104606,74211
2018-07-31,10172215,67609
2018-08-01,10205340,33125
2018-08-03,10269033,63693
2018-08-05,10352963,83930
2018-08-07,10428879,75916
2018-08-09,10488852,59973
2018-08-11,10558086,69234
2018-08-13,10638741,80655
2018-08-15,10704155,65414
2018-08-17,10765722,61567
2018-08-19,10841265,75543
2018-08-21,10920207,78942
2018-08-23,10995466,75259
2018-08-25,11081908,86442
2018-08-27,11184090,102182
2018-08-29,11252577,68487
2018-08-31,11310895,58318
2018-09-01,11344384,33489
2018-09-03,11416607,72223
2018-09-05,11468621,52014
2018-09-07,11524008,55387
2018-09-09,11593253,69245
2018-09-11,11650979,57726
2018-09-13,11700960,49981
2018-09-15,11755221,54261
2018-09-17,11821558,66337
2018-09-18,11853304,31746
2018-09-19,11869321,16017
2018-09-21,11916109,46788
2018-09-23,11982629,66520
2018-09-25,12034858,52229
2018-09-27,12078557,43699
2018-09-29,12136943,58386
2018-10-01,12200798,63855
2018-10-03,12252698,51900
2018-10-05,12331207,78509
2018-10-07,12372878,41671
2018-10-09,12434515,61637
2018-10-11,12486896,52381
2018-10-13,12546948,60052
2018-10-15,12615794,68846
2018-10-17,12667922,52128
2018-10-19,12721108,53186
2018-10-21,12801197,80089
2018-10-22,12864903,63706
2018-10-23,12873543,8640
2018-10-25,12935618,62075
2018-10-27,13001834,66216
2018-10-29,13075209,73375
2018-10-31,13134397,59188
2018-11-01,13163882,29485
2018-11-02,13228595,64713
2018-11-04,13306453,77858
2018-11-07,13369705,63252
2018-11-08,13423486,53781
2018-11-09,13428568,5082
2018-11-11,13507308,78740
2018-11-12,13669187,161879
2018-11-13,13675312,6125
2018-11-15,13863345,188033
2018-11-17,14022111,158766
2018-11-19,14175685,153574
2018-11-21,14348310,172625
2018-11-23,14494865,146555
2018-11-25,14670852,175987
2018-11-26,14768082,97230
2018-11-27,14815191,47109
2018-11-29,14921621,106430
2018-12-01,15043661,122040
2018-12-03,15185168,141507
2018-12-05,15285992,100824
2018-12-07,15399300,113308
2018-12-09,15524542,125242
2018-12-11,15645884,121342
2018-12-13,15747038,101154
2018-12-15,15821598,74560
2018-12-17,15927392,105794
2018-12-19,16024021,96629
2018-12-21,16122672,98651
2018-12-23,16220517,97845
2018-12-25,16315490,94973
2018-12-27,16424303,108813
2018-12-29,16550945,126642
2018-12-31,16674613,123668
2019-01-01,16734521,59908
2019-01-03,16837853,103332
2019-01-05,16941106,103253
2019-01-07,17059857,118751
2019-01-09,17149451,89594
2019-01-11,17238928,89477
2019-01-13,17361351,122423
2019-01-15,17478411,117060
2019-01-17,17591197,112786
2019-01-19,17696660,105463
2019-01-21,17828569,131909
2019-01-23,17924819,96250
2019-01-25,18020361,95542
2019-01-27,18142475,122114
2019-01-29,18243557,101082
2019-01-31,18330988,87431
2019-02-01,18376664,45676
2019-02-03,18490415,113751
2019-02-05,18597949,107534
2019-02-07,18686901,88952
2019-02-09,18780065,93164
2019-02-11,18885026,104961
2019-02-13,18964944,79918
2019-02-15,19030919,65975
2019-02-17,19136969,106050
2019-02-19,19217544,80575
2019-02-21,19284851,67307
2019-02-23,19347139,62288
2019-02-25,19433098,85959
2019-02-27,19491650,58552
2019-03-01,19552348,60698
2019-03-03,19638553,86205
2019-03-05,19710202,71649
2019-03-06,19741026,30824
2019-03-07,19775080,34054
2019-03-09,19837158,62078
2019-03-11,19908552,71394
2019-03-13,19961112,52560
2019-03-15,20024856,63744
2019-03-17,20090891,66035
2019-03-19,20152691,61800
2019-03-21,20211063,58372
2019-03-23,20274415,63352
2019-03-24,20338983,64568
2019-03-25,20350814,11831
2019-03-27,20418460,67646
2019-03-29,20489855,71395
2019-03-31,20558424,68569
2019-04-01,20594793,36369
2019-04-03,20678470,83677
2019-04-05,21175018,496548
2019-04-06,21905571,730553
2019-04-07,21946948,41377
2019-04-09,22341315,394367
2019-04-11,22633417,292102
2019-04-13,22873842,240425
2019-04-15,23116758,242916
2019-04-17,23305329,188571
2019-04-19,23480278,174949
2019-04-23,23801014,320736
2019-04-25,23937538,136524
2019-04-27,24089767,152229
2019-04-29,24251161,161394
2019-05-01,24374361,123200
2019-05-03,24506692,132331
2019-05-05,24662299,155607
2019-05-07,24781325,119026
2019-05-09,24906630,125305
2019-05-11,25020584,113954
2019-05-13,25188434,167850
2019-05-15,25321921,133487
2019-05-17,25455912,133991
2019-05-18,25518376,62464
2019-05-19,25578849,60473
2019-05-20,25638282,59433
2019-05-21,25687339,49057
2019-05-22,25730774,43435
2019-05-23,25777930,47156
2019-05-24,25824683,46753
2019-05-25,25875515,50832
2019-05-26,25933957,58442
2019-05-27,25989543,55586
2019-05-28,26037357,47814
2019-05-29,26087363,50006
2019-05-30,26137238,49875
2019-05-31,26188835,51597
2019-06-01,26239544,50709
2019-06-02,26298503,58959
2019-06-03,26354082,55579
2019-06-04,26403584,49502
2019-06-05,26444796,41212
2019-06-06,26489225,44429
2019-06-07,26535056,45831
2019-06-08,26585953,50897
2019-06-09,26642232,56279
2019-06-10,26692918,50686
2019-06-11,26775056,82138
2019-06-12,26783289,8233
2019-06-13,26828208,44919
2019-06-14,26871149,42941
2019-06-15,26920743,49594
2019-06-16,26975235,54492
2019-06-17,27025490,50255
2019-06-18,27065177,39687
2019-06-19,27106478,41301
2019-06-20,27147846,41368
2019-06-21,27191178,43332
2019-06-22,27239077,47899
2019-06-23,27290428,51351
2019-06-24,27333782,43354
2019-06-25,27371338,37556
2019-06-26,27408907,37569
2019-06-27,27449249,40342
2019-06-28,27495085,45836
2019-06-29,27537166,42081
2019-06-30,27586059,48893
2019-07-01,27628693,42634
2019-07-02,27667306,38613
2019-07-03,27710100,42794
2019-07-04,27761678,51578
2019-07-05,27801728,40050
2019-07-06,27843959,42231
2019-07-07,27890507,46548
2019-07-08,27934759,44252
2019-07-09,27971291,36532
2019-07-10,28007156,35865
2019-07-11,28043280,36124
2019-07-12,28079632,36352
2019-07-13,28114143,34511
2019-07-14,28154209,40066
2019-07-15,28196186,41977
2019-07-16,28229314,33128
2019-07-17,28264856,35542
2019-07-18,28300087,35231
2019-07-19,28333265,33178
2019-07-20,28368814,35549
2019-07-21,28410121,41307
2019-07-22,28448683,38562
2019-07-23,28479152,30469
2019-07-24,28510007,30855
2019-07-25,28540380,30373
2019-07-26,28572986,32606
2019-07-27,28608413,35427
2019-07-28,28647767,39354
2019-07-29,28680798,33031
2019-07-31,28736450,55652
2019-08-01,28765911,29461
2019-08-02,28794993,29082
2019-08-03,28827885,32892
2019-08-04,28863902,36017
2019-08-05,28897815,33913
2019-08-06,28925161,27346
2019-08-07,28953404,28243
2019-08-08,28979139,25735
2019-08-09,29017077,37938
2019-08-10,29058366,41289
2019-08-11,29098305,39939
2019-08-12,29136851,38546
2019-08-13,29169673,32822
2019-08-14,29196620,26947
2019-08-15,29224462,27842
2019-08-16,29253375,28913
2019-08-17,29284312,30937
2019-08-18,29321842,37530
2019-08-19,29351642,29800
2019-08-20,29376753,25111
2019-08-21,29403360,26607
2019-08-22,29424420,21060
2019-08-23,29443951,19531
2019-08-24,29468836,24885
2019-08-25,29501723,32887
2019-08-26,29532082,30359
2019-08-27,29556097,24015
2019-08-28,29578975,22878
2019-08-29,29602215,23240
2019-08-30,29627381,25166
2019-08-31,29657962,30581
2019-09-01,29691380,33418
2019-09-02,29722914,31534
2019-09-03,29746044,23130
2019-09-04,29768335,22291
2019-09-05,29790840,22505
2019-09-06,29814862,24022
2019-09-07,29840697,25835
2019-09-08,29871969,31272
2019-09-09,29899050,27081
2019-09-10,29920748,21698
2019-09-11,29943618,22870
2019-09-18,30100000,156382
2019-09-19,30100000,0
2019-09-20,30100000,0
2019-09-21,30100000,0
2019-09-22,30200000,100000
2019-09-23,30200000,0
2019-09-24,30200000,0
2019-09-25,30200000,0
2019-09-26,30200000,0
2019-09-27,30300000,100000
2019-09-28,30300000,0
2019-09-29,30300000,0
2019-09-30,30300000,0
2019-10-01,30400000,100000
2019-10-02,30400000,0
2019-10-03,30400000,0
2019-10-04,30400000,0
2019-10-05,30400000,0
2019-10-06,30500000,100000
2019-10-07,30500000,0
2019-10-08,30500000,0
2019-10-09,30500000,0
2019-10-10,30500000,0
2019-10-11,30600000,100000
2019-10-12,30600000,0
2019-10-13,30600000,0
2019-10-14,30600000,0
2019-10-15,30700000,100000
2019-10-16,30700000,0
2019-10-17,30700000,0
2019-10-18,30700000,0
2019-10-19,30700000,0
2019-10-20,30800000,100000
2019-10-21,30800000,0
2019-10-22,30800000,0
2019-10-23,30800000,0
2019-10-24,30800000,0
2019-10-25,30900000,100000
2019-10-26,30900000,0
2019-10-27,30900000,0
2019-10-28,30900000,0
2019-10-29,30900000,0
2019-10-30,31000000,100000
2019-10-31,31000000,0
2019-11-01,31000000,0
2019-11-02,31000000,0
2019-11-03,31000000,0
2019-11-04,31100000,100000
2019-11-05,31100000,0
2019-11-06,31100000,0
2019-11-07,31100000,0
2019-11-08,31100000,0
2019-11-09,31100000,0
2019-11-10,31200000,100000
2019-11-11,31200000,0
2019-11-12,31200000,0
2019-11-13,31300000,100000
2019-11-14,31300000,0
2019-11-15,31300000,0
2019-11-16,31300000,0
2019-11-17,31400000,100000
2019-11-18,31400000,0
2019-11-19,31400000,0
2019-11-20,31400000,0
2019-11-21,31400000,0
2019-11-22,31400000,0
2019-11-23,31500000,100000
2019-11-24,31500000,0
2019-11-25,31500000,0
2019-11-26,31500000,0
2019-11-27,31500000,0
2019-11-28,31600000,100000
2019-11-29,31600000,0
2019-11-30,31600000,0
2019-12-01,31600000,0
2019-12-10,31800000,200000
2019-12-11,31800000,0
2019-12-13,31900000,100000
2019-12-14,31900000,0
2019-12-15,31900000,0
2019-12-16,31900000,0
2019-12-17,31900000,0
2019-12-18,32000000,100000
2019-12-19,32000000,0
2019-12-20,32000000,0
2019-12-21,32000000,0
2019-12-22,32100000,100000
2019-12-24,32100000,0
2019-12-26,32200000,100000
2019-12-27,32200000,0
2019-12-28,32200000,0
2019-12-29,32200000,0
2019-12-31,32299999,99999
2020-01-03,32299999,0
2020-01-04,32400000,100001
2020-01-06,32400000,0
2020-01-10,32500000,100000
2020-01-11,32500000,0
2020-01-13,32600000,100000
2020-01-17,32600000,0
2020-01-18,32600000,0
2020-01-19,32700000,100000
2020-01-20,32700000,0
2020-01-21,32700000,0
2020-01-23,32799999,99999
2020-01-24,32799999,0
2020-01-25,32799999,0
2020-01-27,32799999,0
2020-01-29,32900000,100001
2020-01-31,32900000,0
2020-02-01,32900000,0
2020-02-02,32900000,0
2020-02-03,33000000,100000
2020-02-04,33000000,0
2020-02-06,33000000,0
2020-02-09,33100000,100000
2020-02-10,33100000,0
2020-02-11,33100000,0
2020-02-12,33100000,0
2020-02-13,33100000,0
2020-02-16,33200000,100000
2020-02-18,33200000,0
2020-02-20,33200000,0
2020-02-21,33299999,99999
2020-02-22,33299999,0
2020-02-24,33299999,0
2020-02-25,33299999,0
2020-02-26,33400000,100001
2020-02-29,33400000,0
2020-03-02,33500000,100000
2020-03-04,33500000,0
2020-03-06,33500000,0
2020-03-07,33500000,0
2020-03-10,33600000,100000
2020-03-11,33600000,0
2020-03-13,33700000,100000
2020-03-14,33700000,0
2020-03-15,33700000,0
2020-03-16,33700000,0
2020-03-17,33700000,0
2020-03-18,33700000,0
2020-03-19,33800000,100000
2020-03-20,33800000,0
2020-03-21,33800000,0
2020-03-22,33800000,0
2020-03-23,33900000,100000
2020-03-24,33900000,0
2020-03-25,33900000,0
2020-03-26,33900000,0
2020-03-27,33900000,0
2020-03-31,34000000,100000
2020-04-01,34100000,100000
2020-04-02,34100000,0
2020-04-03,34100000,0
2020-04-04,34100000,0
2020-04-05,34200000,100000
2020-04-06,34200000,0
2020-04-07,34200000,0
2020-04-08,34200000,0
2020-04-09,34300000,100000
2020-04-10,34300000,0
2020-04-11,34300000,0
2020-04-12,34400000,100000
2020-04-13,34400000,0
2020-04-14,34400000,0
2020-04-15,34400000,0
2020-04-16,34500000,100000
2020-04-17,34500000,0
2020-04-18,34500000,0
2020-04-19,34500000,0
2020-04-20,34600000,100000
2020-04-21,34600000,0
2020-04-22,34600000,0
2020-04-23,34700000,100000
2020-04-24,34700000,0
2020-04-25,34700000,0
2020-04-26,34700000,0
2020-04-27,34800000,100000
2020-04-28,34800000,0
2020-04-29,34800000,0
2020-04-30,34800000,0
2020-05-01,34900000,100000
2020-05-02,34900000,0
2020-05-03,34900000,0
2020-05-04,35000000,100000
2020-05-05,35000000,0
2020-05-06,35000000,0
2020-05-07,35000000,0
2020-05-08,35100000,100000
2020-05-09,35100000,0
2020-05-10,35200000,100000
2020-05-11,35200000,0
2020-05-12,35200000,0
2020-05-13,35200000,0
2020-05-14,35300000,100000
2020-05-15,35300000,0
2020-05-16,35300000,0
2020-05-17,35300000,0
2020-05-18,35400000,100000
2020-05-19,35400000,0
2020-05-20,35400000,0
2020-05-21,35500000,100000
2020-05-22,35500000,0
2020-05-23,35500000,0
2020-05-24,35600000,100000
2020-05-25,35600000,0
2020-05-26,35600000,0
2020-05-27,35600000,0
2020-05-28,35700000,100000
2020-05-29,35800000,100000
2020-05-30,35800000,0
2020-05-31,35800000,0
2020-06-01,35900000,100000
2020-06-02,35900000,0
2020-06-03,36000000,100000
2020-06-04,36000000,0
2020-06-05,36000000,0
2020-06-06,36100000,100000
2020-06-07,36100000,0
2020-06-08,36100000,0
2020-06-09,36200000,100000
2020-06-10,36200000,0
2020-06-11,36200000,0
2020-06-12,36300000,100000
2020-06-13,36300000,0
2020-06-14,36400000,100000
2020-06-15,36500000,100000
2020-06-16,36500000,0
2020-06-17,36500000,0
2020-06-18,36600000,100000
2020-06-19,36700000,100000
2020-06-20,36800000,100000
2020-06-21,36900000,100000
2020-06-22,37000000,100000
2020-06-23,37100000,100000
2020-06-24,37200000,100000
2020-06-25,37200000,0
2020-06-26,37400000,200000
2020-06-27,38800000,1400000
2020-06-28,39300000,500000
2020-06-29,39300000,0
2020-06-30,39600000,300000
2020-07-03,40200000,600000
2020-07-04,40300000,100000
2020-07-08,41000000,700000
2020-07-09,41000000,0
2020-07-10,41100000,100000
2020-07-11,41200000,100000
2020-07-12,41300000,100000
2020-07-13,41400000,100000
2020-07-14,41500000,100000
2020-07-15,41600000,100000
2020-07-16,41700000,100000
2020-07-17,41800000,100000
2020-07-18,41800000,0
2020-07-19,41900000,100000
2020-07-20,42000000,100000
2020-07-21,42100000,100000
2020-07-22,42200000,100000
2020-07-23,42200000,0
2020-07-24,42300000,100000
2020-07-25,42400000,100000
2020-07-26,42500000,100000
2020-07-27,42600000,100000
2020-07-28,42600000,0
2020-07-29,42700000,100000
2020-07-30,42800000,100000
2020-07-31,42800000,0
