Date,Followers,Follower Difference
2016-11-26,118977,
2016-11-27,120688,1711
2016-11-28,122340,1652
2016-11-29,123601,1261
2016-11-30,124931,1330
2016-12-01,126157,1226
2016-12-02,127352,1195
2016-12-03,128459,1107
2016-12-04,129666,1207
2016-12-05,131169,1503
2016-12-06,132230,1061
2016-12-08,134316,2086
2016-12-09,135451,1135
2016-12-10,136468,1017
2016-12-11,137967,1499
2016-12-12,139214,1247
2016-12-13,140395,1181
2016-12-14,141800,1405
2016-12-15,142908,1108
2016-12-16,143934,1026
2016-12-17,145246,1312
2016-12-18,146469,1223
2016-12-19,147635,1166
2016-12-20,149083,1448
2016-12-21,150247,1164
2016-12-22,151290,1043
2016-12-23,152707,1417
2016-12-24,154035,1328
2016-12-25,155086,1051
2016-12-26,156578,1492
2016-12-27,158096,1518
2016-12-28,159460,1364
2016-12-29,161148,1688
2016-12-30,162571,1423
2016-12-31,163849,1278
2017-01-01,165030,1181
2017-01-02,166469,1439
2017-01-03,167803,1334
2017-01-04,168922,1119
2017-01-05,170281,1359
2017-01-06,171589,1308
2017-01-07,172776,1187
2017-01-08,174370,1594
2017-01-09,175649,1279
2017-01-10,176657,1008
2017-01-11,177880,1223
2017-01-12,179033,1153
2017-01-13,180067,1034
2017-01-14,181436,1369
2017-01-15,182920,1484
2017-01-16,184324,1404
2017-01-17,185550,1226
2017-01-18,186819,1269
2017-01-19,188125,1306
2017-01-21,190888,2763
2017-01-22,192476,1588
2017-01-23,194002,1526
2017-01-24,195277,1275
2017-01-25,196390,1113
2017-01-27,198865,2475
2017-01-28,200168,1303
2017-01-29,201589,1421
2017-01-30,202854,1265
2017-01-31,203971,1117
2017-02-01,205141,1170
2017-02-02,206328,1187
2017-02-03,207533,1205
2017-02-04,208782,1249
2017-02-05,210152,1370
2017-02-06,211560,1408
2017-02-07,212694,1134
2017-02-08,213735,1041
2017-02-09,214836,1101
2017-02-10,216036,1200
2017-02-11,217283,1247
2017-02-12,218896,1613
2017-02-13,223087,4191
2017-02-14,225071,1984
2017-02-15,226559,1488
2017-02-16,228020,1461
2017-02-17,229501,1481
2017-02-19,232537,3036
2017-02-20,234015,1478
2017-02-21,235603,1588
2017-02-22,236967,1364
2017-02-23,238302,1335
2017-02-24,239519,1217
2017-02-25,240920,1401
2017-02-26,242579,1659
2017-02-27,244073,1494
2017-02-28,245319,1246
2017-03-02,247900,2581
2017-03-03,249591,1691
2017-03-04,251207,1616
2017-03-05,252899,1692
2017-03-06,254438,1539
2017-03-07,256152,1714
2017-03-08,257512,1360
2017-03-09,258764,1252
2017-03-11,261271,2507
2017-03-13,264155,2884
2017-03-14,265624,1469
2017-03-15,266918,1294
2017-03-16,268138,1220
2017-03-17,269291,1153
2017-03-18,270516,1225
2017-03-19,272053,1537
2017-03-20,273520,1467
2017-03-21,274644,1124
2017-03-22,275794,1150
2017-03-23,276941,1147
2017-03-24,278097,1156
2017-03-26,280826,2729
2017-03-27,282152,1326
2017-03-28,283810,1658
2017-03-29,285260,1450
2017-03-30,286494,1234
2017-03-31,287652,1158
2017-04-01,288861,1209
2017-04-02,290226,1365
2017-04-03,291662,1436
2017-04-04,292899,1237
2017-04-05,294196,1297
2017-04-06,295506,1310
2017-04-07,297130,1624
2017-04-08,298745,1615
2017-04-09,300512,1767
2017-04-10,302027,1515
2017-04-11,303872,1845
2017-04-12,305390,1518
2017-04-13,306848,1458
2017-04-14,308455,1607
2017-04-15,310034,1579
2017-04-16,311616,1582
2017-04-17,313150,1534
2017-04-18,314554,1404
2017-04-19,315839,1285
2017-04-22,319900,4061
2017-04-23,321372,1472
2017-04-24,322846,1474
2017-04-26,325438,2592
2017-04-27,327718,2280
2017-04-28,329415,1697
2017-04-29,331142,1727
2017-04-30,332942,1800
2017-05-02,336276,3334
2017-05-03,337631,1355
2017-05-04,339052,1421
2017-05-05,340350,1298
2017-05-06,341799,1449
2017-05-07,343389,1590
2017-05-08,344939,1550
2017-05-09,346159,1220
2017-05-10,347376,1217
2017-05-11,348685,1309
2017-05-18,358557,9872
2017-05-19,358930,373
2017-05-20,360182,1252
2017-05-21,361558,1376
2017-05-22,362818,1260
2017-05-23,364117,1299
2017-05-24,365428,1311
2017-05-25,366604,1176
2017-05-26,367797,1193
2017-05-27,369133,1336
2017-05-28,370646,1513
2017-05-29,372071,1425
2017-06-01,377031,4960
2017-06-02,377535,504
2017-06-03,378911,1376
2017-06-04,380353,1442
2017-06-05,381705,1352
2017-06-06,382855,1150
2017-06-07,383990,1135
2017-06-08,385163,1173
2017-06-10,387866,2703
2017-06-11,389330,1464
2017-06-12,390808,1478
2017-06-13,392027,1219
2017-06-14,393261,1234
2017-06-15,394600,1339
2017-06-16,395989,1389
2017-06-17,397448,1459
2017-06-18,399057,1609
2017-06-19,400555,1498
2017-06-20,401971,1416
2017-06-21,403683,1712
2017-06-22,405544,1861
2017-06-23,413099,7555
2017-06-24,417726,4627
2017-06-25,421983,4257
2017-06-26,425473,3490
2017-06-27,428400,2927
2017-06-28,430947,2547
2017-06-30,435758,4811
2017-07-01,438111,2353
2017-07-02,440585,2474
2017-07-03,442994,2409
2017-07-04,445216,2222
2017-07-05,447535,2319
2017-07-06,449847,2312
2017-07-07,452003,2156
2017-07-08,454326,2323
2017-07-09,456905,2579
2017-07-10,459441,2536
2017-07-11,462117,2676
2017-07-12,464915,2798
2017-07-13,467586,2671
2017-07-14,470371,2785
2017-07-15,473011,2640
2017-07-16,475830,2819
2017-07-17,478486,2656
2017-07-18,480777,2291
2017-07-19,483940,3163
2017-07-20,486647,2707
2017-07-21,489133,2486
2017-07-23,494299,5166
2017-07-24,496625,2326
2017-07-25,498735,2110
2017-07-26,501009,2274
2017-07-27,503354,2345
2017-07-28,505876,2522
2017-07-29,508606,2730
2017-07-30,511300,2694
2017-07-31,513788,2488
2017-08-01,516041,2253
2017-08-02,518122,2081
2017-08-03,520275,2153
2017-08-04,522393,2118
2017-08-05,524822,2429
2017-08-06,527389,2567
2017-08-07,529820,2431
2017-08-08,531982,2162
2017-08-09,534338,2356
2017-08-10,536653,2315
2017-08-11,538860,2207
2017-08-13,543808,4948
2017-08-14,546375,2567
2017-08-15,548568,2193
2017-08-16,551206,2638
2017-08-17,553927,2721
2017-08-18,555777,1850
2017-08-19,558689,2912
2017-08-20,562150,3461
2017-08-21,565643,3493
2017-08-22,569207,3564
2017-08-23,576283,7076
2017-08-24,581871,5588
2017-08-27,596983,15112
2017-08-28,601744,4761
2017-08-29,605409,3665
2017-08-31,612701,7292
2017-09-01,616339,3638
2017-09-02,620047,3708
2017-09-03,623522,3475
2017-09-04,626247,2725
2017-09-05,628840,2593
2017-09-06,631206,2366
2017-09-07,634556,3350
2017-09-08,638414,3858
2017-09-09,642884,4470
2017-09-10,648159,5275
2017-09-12,656473,8314
2017-09-13,660114,3641
2017-09-14,663960,3846
2017-09-15,667640,3680
2017-09-16,672011,4371
2017-09-17,677935,5924
2017-09-18,683921,5986
2017-09-19,701399,17478
2017-09-20,709125,7726
2017-09-21,716107,6982
2017-09-22,722146,6039
2017-09-23,727221,5075
2017-09-24,732782,5561
2017-09-25,737637,4855
2017-09-26,741668,4031
2017-09-27,745552,3884
2017-09-28,749330,3778
2017-09-29,753441,4111
2017-09-30,757902,4461
2017-10-01,762764,4862
2017-10-02,767293,4529
2017-10-03,770853,3560
2017-10-04,774508,3655
2017-10-05,778267,3759
2017-10-06,782158,3891
2017-10-07,786504,4346
2017-10-08,791541,5037
2017-10-09,796337,4796
2017-10-10,800398,4061
2017-10-11,804337,3939
2017-10-12,808442,4105
2017-10-13,812178,3736
2017-10-14,816275,4097
2017-10-15,820936,4661
2017-10-16,825472,4536
2017-10-17,829389,3917
2017-10-18,833006,3617
2017-10-19,836500,3494
2017-10-20,840046,3546
2017-10-21,844119,4073
2017-10-22,848892,4773
2017-10-23,853397,4505
2017-10-24,857178,3781
2017-10-25,860732,3554
2017-10-26,864644,3912
2017-10-27,868478,3834
2017-10-28,872518,4040
2017-10-29,877006,4488
2017-10-30,881317,4311
2017-10-31,885361,4044
2017-11-01,888758,3397
2017-11-02,892446,3688
2017-11-03,896334,3888
2017-11-05,905525,9191
2017-11-06,910109,4584
2017-11-08,917803,7694
2017-11-09,921588,3785
2017-11-10,925532,3944
2017-11-11,930023,4491
2017-11-12,935086,5063
2017-11-13,939948,4862
2017-11-14,943930,3982
2017-11-15,947759,3829
2017-11-16,951709,3950
2017-11-17,955455,3746
2017-11-18,960038,4583
2017-11-19,965385,5347
2017-11-20,970068,4683
2017-11-21,974336,4268
2017-11-22,979030,4694
2017-11-23,983814,4784
2017-11-24,988614,4800
2017-11-25,996496,7882
2017-11-26,1003383,6887
2017-11-27,1009082,5699
2017-11-28,1013355,4273
2017-11-29,1017326,3971
2017-11-30,1021458,4132
2017-12-01,1026081,4623
2017-12-02,1030846,4765
2017-12-03,1036204,5358
2017-12-04,1041200,4996
2017-12-05,1045359,4159
2017-12-06,1050551,5192
2017-12-07,1056329,5778
2017-12-08,1061718,5389
2017-12-09,1067035,5317
2017-12-10,1072848,5813
2017-12-11,1078255,5407
2017-12-12,1082757,4502
2017-12-13,1087314,4557
2017-12-17,1109714,22400
2017-12-18,1115149,5435
2017-12-19,1120059,4910
2017-12-20,1124695,4636
2017-12-21,1129605,4910
2017-12-22,1134623,5018
2017-12-23,1140179,5556
2017-12-24,1145892,5713
2017-12-26,1158453,12561
2017-12-27,1166088,7635
2017-12-28,1172592,6504
2017-12-29,1178302,5710
2017-12-30,1183861,5559
2017-12-31,1189362,5501
2018-01-01,1194798,5436
2018-01-04,1210602,15804
2018-01-05,1215682,5080
2018-01-06,1220996,5314
2018-01-07,1227139,6143
2018-01-09,1237810,10671
2018-01-11,1247504,9694
2018-01-12,1252466,4962
2018-01-13,1258038,5572
2018-01-14,1264236,6198
2018-01-15,1270059,5823
2018-01-16,1275070,5011
2018-01-17,1279839,4769
2018-01-18,1284532,4693
2018-01-19,1289608,5076
2018-01-20,1295192,5584
2018-01-21,1301607,6415
2018-01-22,1307467,5860
2018-01-23,1312738,5271
2018-01-24,1318664,5926
2018-01-25,1324206,5542
2018-01-26,1329810,5604
2018-01-27,1335717,5907
2018-01-28,1342402,6685
2018-01-29,1348456,6054
2018-01-31,1359158,10702
2018-02-01,1365006,5848
2018-02-02,1370752,5746
2018-02-03,1377102,6350
2018-02-04,1384070,6968
2018-02-05,1390433,6363
2018-02-06,1395735,5302
2018-02-07,1400942,5207
2018-02-08,1406311,5369
2018-02-09,1411991,5680
2018-02-10,1418284,6293
2018-02-11,1425203,6919
2018-02-12,1431754,6551
2018-02-13,1437296,5542
2018-02-14,1442437,5141
2018-02-15,1447673,5236
2018-02-16,1453429,5756
2018-02-17,1459604,6175
2018-02-18,1466442,6838
2018-02-19,1472841,6399
2018-02-20,1478198,5357
2018-02-21,1483089,4891
2018-02-22,1488945,5856
2018-02-23,1494650,5705
2018-02-24,1500870,6220
2018-02-25,1507800,6930
2018-02-26,1514225,6425
2018-02-27,1519478,5253
2018-02-28,1524628,5150
2018-03-01,1529933,5305
2018-03-02,1538507,8574
2018-03-03,1546223,7716
2018-03-04,1554052,7829
2018-03-05,1560691,6639
2018-03-06,1566501,5810
2018-03-07,1572433,5932
2018-03-08,1578585,6152
2018-03-09,1585247,6662
2018-03-10,1592060,6813
2018-03-11,1599899,7839
2018-03-12,1606900,7001
2018-03-13,1615664,8764
2018-03-16,1649127,33463
2018-03-17,1657741,8614
2018-03-18,1667214,9473
2018-03-19,1675483,8269
2018-03-20,1681910,6427
2018-03-21,1688342,6432
2018-03-22,1695131,6789
2018-03-23,1701931,6800
2018-03-24,1709050,7119
2018-03-25,1717211,8161
2018-03-26,1724784,7573
2018-03-27,1731354,6570
2018-04-04,1807852,76498
2018-04-05,1815909,8057
2018-04-06,1820216,4307
2018-04-07,1828990,8774
2018-04-08,1836911,7921
2018-04-09,1844075,7164
2018-04-10,1850930,6855
2018-04-11,1858101,7171
2018-04-12,1865046,6945
2018-04-13,1871918,6872
2018-04-14,1879034,7116
2018-04-15,1886884,7850
2018-04-16,1893659,6775
2018-04-17,1900394,6735
2018-04-18,1906927,6533
2018-04-19,1913333,6406
2018-04-20,1919764,6431
2018-04-21,1927209,7445
2018-04-22,1935078,7869
2018-04-23,1942022,6944
2018-04-24,1948302,6280
2018-04-25,1954579,6277
2018-04-26,1960701,6122
2018-04-27,1967018,6317
2018-04-28,1974175,7157
2018-04-29,1980950,6775
2018-04-30,1987273,6323
2018-05-02,1999732,12459
2018-05-03,2004715,4983
2018-05-04,2009853,5138
2018-05-05,2015933,6080
2018-05-06,2022387,6454
2018-05-07,2028031,5644
2018-05-08,2033766,5735
2018-05-09,2039305,5539
2018-05-10,2043334,4029
2018-05-11,2048628,5294
2018-05-12,2054929,6301
2018-05-13,2062108,7179
2018-05-14,2066985,4877
2018-05-15,2073839,6854
2018-05-17,2087143,13304
2018-05-18,2109926,22783
2018-05-19,2128352,18426
2018-05-20,2140827,12475
2018-05-21,2149400,8573
2018-05-23,2164061,14661
2018-05-24,2171260,7199
2018-05-25,2180563,9303
2018-05-26,2188194,7631
2018-05-27,2197709,9515
2018-05-28,2204847,7138
2018-05-29,2212106,7259
2018-05-30,2220988,8882
2018-05-31,2227373,6385
2018-06-01,2233672,6299
2018-06-02,2242339,8667
2018-06-03,2251942,9603
2018-06-04,2262419,10477
2018-06-06,2281282,18863
2018-06-07,2286673,5391
2018-06-08,2295285,8612
2018-06-09,2305891,10606
2018-06-10,2314685,8794
2018-06-11,2326347,11662
2018-06-12,2332144,5797
2018-06-13,2341997,9853
2018-06-15,2355153,13156
2018-06-16,2401591,46438
2018-06-17,2419784,18193
2018-06-18,2434207,14423
2018-06-20,2454039,19832
2018-06-21,2474685,20646
2018-06-23,2489936,15251
2018-06-25,2514891,24955
2018-06-26,2532040,17149
2018-06-27,2542477,10437
2018-06-29,2585692,43215
2018-07-01,2612154,26462
2018-07-02,2609499,-2655
2018-07-03,2630144,20645
2018-07-04,2622226,-7918
2018-07-05,2651602,29376
2018-07-06,2661941,10339
2018-07-07,2676133,14192
2018-07-08,2689706,13573
2018-07-09,2692593,2887
2018-07-10,2702008,9415
2018-07-12,2728476,26468
2018-07-19,2782359,53883
2018-07-20,2789799,7440
2018-07-21,2805565,15766
2018-07-24,2836654,31089
2018-07-25,2843740,7086
2018-07-27,2858492,14752
2018-07-28,2874569,16077
2018-07-29,2886902,12333
2018-07-30,2896168,9266
2018-07-31,2905405,9237
2018-08-01,2914775,9370
2018-08-02,2923908,9133
2018-08-03,2934781,10873
2018-08-04,2946454,11673
2018-08-05,2958294,11840
2018-08-06,2967941,9647
2018-08-07,2977341,9400
2018-08-08,2986395,9054
2018-08-09,2995821,9426
2018-08-10,3005307,9486
2018-08-11,3016644,11337
2018-08-12,3028768,12124
2018-08-13,3038590,9822
2018-08-16,3066257,27667
2018-08-17,3077172,10915
2018-08-20,3108353,31181
2018-08-24,3163377,55024
2018-08-29,3215354,51977
2018-08-30,3221757,6403
2018-09-06,3283587,61830
2018-09-08,3303652,20065
2018-09-09,3320377,16725
2018-09-10,3329174,8797
2018-09-11,3338433,9259
2018-09-12,3347023,8590
2018-09-13,3352944,5921
2018-09-14,3362571,9627
2018-09-15,3373086,10515
2018-09-16,3384020,10934
2018-09-17,3393040,9020
2018-09-18,3399427,6387
2018-09-19,3409170,9743
2018-09-20,3416943,7773
2018-09-21,3425601,8658
2018-09-22,3435475,9874
2018-09-23,3446500,11025
2018-09-24,3455301,8801
2018-09-25,3462522,7221
2018-09-26,3469881,7359
2018-09-27,3478250,8369
2018-09-28,3487265,9015
2018-09-29,3498335,11070
2018-09-30,3508634,10299
2018-10-01,3516839,8205
2018-10-02,3525506,8667
2018-10-03,3534024,8518
2018-10-04,3542584,8560
2018-10-06,3563441,20857
2018-10-07,3573949,10508
2018-10-08,3583490,9541
2018-10-09,3591950,8460
2018-10-10,3597052,5102
2018-10-11,3603938,6886
2018-10-12,3613933,9995
2018-10-13,3625770,11837
2018-10-14,3637528,11758
2018-10-15,3647826,10298
2018-10-16,3657103,9277
2018-10-17,3667262,10159
2018-10-18,3674970,7708
2018-10-19,3691705,16735
2018-10-20,3705748,14043
2018-10-21,3719701,13953
2018-10-22,3731105,11404
2018-10-23,3742360,11255
2018-10-24,3752508,10148
2018-10-25,3762420,9912
2018-10-26,3774347,11927
2018-10-27,3786799,12452
2018-10-28,3799201,12402
2018-10-29,3810380,11179
2018-10-30,3820131,9751
2018-10-31,3829804,9673
2018-11-01,3839045,9241
2018-11-02,3850029,10984
2018-11-04,3888464,38435
2018-11-07,3913175,24711
2018-11-08,3924497,11322
2018-11-09,3936421,11924
2018-11-10,3949956,13535
2018-11-11,3964956,15000
2018-11-12,3978500,13544
2018-11-13,3992627,14127
2018-11-14,4009587,16960
2018-11-15,4026168,16581
2018-11-16,4041377,15209
2018-11-17,4058059,16682
2018-11-18,4076544,18485
2018-11-19,4094166,17622
2018-11-20,4110116,15950
2018-11-21,4126776,16660
2018-11-22,4141444,14668
2018-11-23,4156494,15050
2018-11-24,4173362,16868
2018-11-25,4192271,18909
2018-11-26,4209478,17207
2018-11-27,4223818,14340
2018-11-28,4237570,13752
2018-11-29,4250100,12530
2018-11-30,4263346,13246
2018-12-01,4278197,14851
2018-12-02,4293952,15755
2018-12-03,4308653,14701
2018-12-04,4321505,12852
2018-12-05,4334230,12725
2018-12-06,4348129,13899
2018-12-07,4361635,13506
2018-12-08,4376795,15160
2018-12-09,4393339,16544
2018-12-10,4408342,15003
2018-12-11,4421772,13430
2018-12-12,4434623,12851
2018-12-13,4447141,12518
2018-12-14,4461478,14337
2018-12-15,4476001,14523
2018-12-16,4491078,15077
2018-12-17,4505398,14320
2018-12-18,4518730,13332
2018-12-19,4532320,13590
2018-12-20,4546595,14275
2018-12-21,4560512,13917
2018-12-22,4574769,14257
2018-12-23,4589838,15069
2018-12-24,4604214,14376
2018-12-25,4618068,13854
2018-12-26,4632574,14506
2018-12-27,4647571,14997
2018-12-28,4661959,14388
2018-12-29,4676073,14114
2018-12-30,4689686,13613
2018-12-31,4703871,14185
2019-01-01,4716690,12819
2019-01-02,4728503,11813
2019-01-03,4744017,15514
2019-01-04,4754786,10769
2019-01-05,4768569,13783
2019-01-06,4783360,14791
2019-01-07,4796959,13599
2019-01-08,4809183,12224
2019-01-09,4822075,12892
2019-01-10,4833245,11170
2019-01-11,4846320,13075
2019-01-12,4860349,14029
2019-01-13,4876613,16264
2019-01-14,4890800,14187
2019-01-15,4902788,11988
2019-01-16,4915947,13159
2019-01-17,4927042,11095
2019-01-18,4939755,12713
2019-01-19,4953853,14098
2019-01-20,4970577,16724
2019-01-21,4985828,15251
2019-01-22,4998765,12937
2019-01-23,5011147,12382
2019-01-24,5024139,12992
2019-01-25,5034902,10763
2019-01-26,5050340,15438
2019-01-27,5063597,13257
2019-01-28,5077632,14035
2019-01-29,5089496,11864
2019-01-30,5100842,11346
2019-01-31,5113684,12842
2019-02-01,5126753,13069
2019-02-02,5141142,14389
2019-02-03,5157936,16794
2019-02-04,5173038,15102
2019-02-05,5187219,14181
2019-02-06,5201968,14749
2019-02-07,5215051,13083
2019-02-08,5228410,13359
2019-02-09,5242886,14476
2019-02-10,5259259,16373
2019-02-11,5274978,15719
2019-02-12,5285709,10731
2019-02-13,5297591,11882
2019-02-14,5309936,12345
2019-02-15,5319226,9290
2019-02-16,5331173,11947
2019-02-17,5345553,14380
2019-02-18,5358149,12596
2019-02-19,5368833,10684
2019-02-20,5380659,11826
2019-02-21,5390139,9480
2019-02-22,5400426,10287
2019-02-24,5428330,27904
2019-02-25,5440589,12259
2019-02-26,5450571,9982
2019-02-27,5462707,12136
2019-03-02,5499704,36997
2019-03-03,5514399,14695
2019-03-04,5527096,12697
2019-03-05,5540292,13196
2019-03-06,5550246,9954
2019-03-07,5563487,13241
2019-03-08,5575449,11962
2019-03-09,5587716,12267
2019-03-10,5601882,14166
2019-03-11,5614460,12578
2019-03-12,5624891,10431
2019-03-13,5634797,9906
2019-03-14,5645116,10319
2019-03-15,5655621,10505
2019-03-16,5667617,11996
2019-03-17,5681167,13550
2019-03-18,5693440,12273
2019-03-19,5704760,11320
2019-03-20,5715269,10509
2019-03-21,5725676,10407
2019-03-22,5737907,12231
2019-03-23,5749658,11751
2019-03-24,5763347,13689
2019-03-25,5775647,12300
2019-03-26,5787581,11934
2019-03-27,5799190,11609
2019-03-28,5810513,11323
2019-03-29,5822813,12300
2019-03-30,5837536,14723
2019-03-31,5850560,13024
2019-04-01,5861540,10980
2019-04-02,5874281,12741
2019-04-03,5884367,10086
2019-04-04,5898363,13996
2019-04-05,5937609,39246
2019-04-06,5967293,29684
2019-04-07,5993372,26079
2019-04-08,6013739,20367
2019-04-09,6032282,18543
2019-04-10,6050715,18433
2019-04-11,6069333,18618
2019-04-13,6120705,51372
2019-04-15,6179797,59092
2019-04-17,6213095,33298
2019-04-19,6249334,36239
2019-04-23,6323063,73729
2019-04-26,6372394,49331
2019-04-27,6391570,19176
2019-04-28,6409060,17490
2019-04-29,6427199,18139
2019-04-30,6442873,15674
2019-05-01,6459956,17083
2019-05-02,6479851,19895
2019-05-03,6496900,17049
2019-05-04,6515520,18620
2019-05-05,6543909,28389
2019-05-06,6565195,21286
2019-05-07,6576349,11154
2019-05-08,6591341,14992
2019-05-09,6618643,27302
2019-05-10,6621443,2800
2019-05-11,6639740,18297
2019-05-12,6659875,20135
2019-05-13,6680009,20134
2019-05-15,6726671,46662
2019-05-19,6802413,75742
2019-05-20,6819003,16590
2019-05-23,6860176,41173
2019-05-26,6908998,48822
2019-05-29,6968359,59361
2019-06-01,7026535,58176
2019-06-04,7083816,57281
2019-06-07,7129515,45699
2019-06-10,7186413,56898
2019-06-13,7234164,47751
2019-06-16,7289300,55136
2019-06-18,7322953,33653
2019-06-20,7354991,32038
2019-06-21,7371752,16761
2019-06-22,7390442,18690
2019-06-23,7410109,19667
2019-06-24,7428836,18727
2019-06-25,7445449,16613
2019-06-26,7461199,15750
2019-06-27,7477046,15847
2019-06-28,7492939,15893
2019-06-29,7510222,17283
2019-06-30,7528173,17951
2019-07-01,7545471,17298
2019-07-02,7561235,15764
2019-07-03,7577432,16197
2019-07-04,7593557,16125
2019-07-05,7610288,16731
2019-07-06,7628111,17823
2019-07-07,7647016,18905
2019-07-08,7665197,18181
2019-07-09,7681254,16057
2019-07-10,7697054,15800
2019-07-11,7713904,16850
2019-07-12,7729790,15886
2019-07-13,7746505,16715
2019-07-14,7764686,18181
2019-07-15,7782148,17462
2019-07-16,7797169,15021
2019-07-17,7812237,15068
2019-07-18,7827421,15184
2019-07-19,7841895,14474
2019-07-22,7891197,49302
2019-07-23,7905522,14325
2019-07-24,7919024,13502
2019-07-25,7932209,13185
2019-07-26,7947412,15203
2019-07-27,7963453,16041
2019-07-28,7981308,17855
2019-07-29,7998895,17587
2019-07-30,8014579,15684
2019-07-31,8029750,15171
2019-08-01,8044000,14250
2019-08-02,8058930,14930
2019-08-03,8074934,16004
2019-08-04,8092725,17791
2019-08-05,8109387,16662
2019-08-06,8124025,14638
2019-08-07,8139762,15737
2019-08-08,8153027,13265
2019-08-09,8167862,14835
2019-08-10,8184215,16353
2019-08-11,8202509,18294
2019-08-13,8235963,33454
2019-08-14,8251080,15117
2019-08-15,8265792,14712
2019-08-16,8281206,15414
2019-08-17,8297130,15924
2019-08-18,8314893,17763
2019-08-19,8332662,17769
2019-08-20,8347222,14560
2019-08-21,8361629,14407
2019-08-22,8376549,14920
2019-08-23,8390741,14192
2019-08-24,8406334,15593
2019-08-25,8424245,17911
2019-08-26,8442401,18156
2019-08-27,8457065,14664
2019-08-28,8471207,14142
2019-08-29,8485137,13930
2019-08-30,8499387,14250
2019-08-31,8514294,14907
2019-09-01,8531987,17693
2019-09-02,8549852,17865
2019-09-03,8564146,14294
2019-09-04,8577354,13208
2019-09-05,8590423,13069
2019-09-06,8603731,13308
2019-09-07,8617970,14239
2019-09-08,8635084,17114
2019-09-09,8652122,17038
2019-09-10,8664782,12660
2019-09-11,8677188,12406
2019-09-12,8690258,13070
2019-09-13,8702929,12671
2019-09-14,8716367,13438
2019-09-15,8732701,16334
2019-09-16,8748938,16237
2019-09-17,8761531,12593
2019-09-18,8774118,12587
2019-09-19,8786743,12625
2019-09-20,8799287,12544
2019-09-21,8812863,13576
2019-09-22,8829185,16322
2019-09-23,8845276,16091
2019-09-25,8869320,24044
2019-09-26,8880791,11471
2019-09-27,8881139,348
2019-09-29,8905961,24822
2019-10-01,8937319,31358
2019-10-02,8949113,11794
2019-10-03,8960004,10891
2019-10-04,8971067,11063
2019-10-05,8982155,11088
2019-10-06,8994972,12817
2019-10-07,9010628,15656
2019-10-08,9025902,15274
2019-10-09,9038098,12196
2019-10-10,9051059,12961
2019-10-11,9063546,12487
2019-10-14,9123034,59488
2019-10-15,9135490,12456
2019-10-16,9135490,0
2019-10-17,9148074,12584
2019-10-18,9160834,12760
2019-10-19,9174216,13382
2019-10-20,9188687,14471
2019-10-21,9205704,17017
2019-10-22,9221740,16036
2019-10-23,9235212,13472
2019-10-24,9248377,13165
2019-10-25,9274163,25786
2019-10-26,9274163,0
2019-10-27,9287924,13761
2019-10-28,9302646,14722
2019-10-29,9317260,14614
2019-10-30,9329475,12215
2019-10-31,9341302,11827
2019-11-01,9352585,11283
2019-11-02,9364263,11678
2019-11-03,9377552,13289
2019-11-04,9393051,15499
2019-11-05,9407638,14587
2019-11-06,9418900,11262
2019-11-07,9429481,10581
2019-11-08,9440709,11228
2019-11-09,9452208,11499
2019-11-10,9465132,12924
2019-11-11,9480607,15475
2019-11-12,9495082,14475
2019-11-13,9505899,10817
2019-11-14,9516918,11019
2019-11-15,9528580,11662
2019-11-17,9553168,24588
2019-11-18,9567585,14417
2019-11-19,9581921,14336
2019-11-20,9593223,11302
2019-11-21,9604061,10838
2019-11-22,9615692,11631
2019-11-23,9626741,11049
2019-11-24,9639502,12761
2019-11-25,9654392,14890
2019-11-26,9668871,14479
2019-11-27,9680159,11288
2019-11-28,9691457,11298
2019-11-29,9703171,11714
2019-11-30,9715828,12657
2019-12-01,9728584,12756
2019-12-03,9770202,41618
2019-12-04,9770202,0
2019-12-07,9809352,39150
2019-12-08,9827539,18187
2019-12-09,9845197,17658
2019-12-10,9860787,15590
2019-12-12,9887145,26358
2019-12-13,9899759,12614
2019-12-15,9926055,26296
2019-12-16,9941576,15521
2019-12-17,9956501,14925
2019-12-18,9969528,13027
2019-12-19,9982756,13228
2019-12-20,9995587,12831
2019-12-21,10006097,10510
2019-12-22,10017361,11264
2019-12-27,10089125,71764
2019-12-28,10089125,0
2019-12-29,10101578,12453
2019-12-30,10113080,11502
2019-12-31,10124112,11032
2020-01-01,10135242,11130
2020-01-02,10145519,10277
2020-01-03,10154764,9245
2020-01-04,10164577,9813
2020-01-05,10175332,10755
2020-01-06,10186079,10747
2020-01-07,10196308,10229
2020-01-08,10205735,9427
2020-01-09,10215171,9436
2020-01-10,10224110,8939
2020-01-11,10233653,9543
2020-01-12,10244003,10350
2020-01-13,10255691,11688
2020-01-14,10267429,11738
2020-01-15,10276873,9444
2020-01-16,10285959,9086
2020-01-17,10295333,9374
2020-01-18,10305146,9813
2020-01-19,10319151,14005
2020-01-20,10332214,13063
2020-01-21,10344166,11952
2020-01-22,10353791,9625
2020-01-23,10363372,9581
2020-01-24,10373101,9729
2020-01-25,10382865,9764
2020-01-26,10394554,11689
2020-01-27,10408989,14435
2020-01-28,10422718,13729
2020-01-30,10444632,21914
2020-01-31,10455767,11135
2020-02-01,10467043,11276
2020-02-03,10492709,25666
2020-02-04,10506140,13431
2020-02-05,10517311,11171
2020-02-06,10527923,10612
2020-02-07,10538516,10593
2020-02-08,10549937,11421
2020-02-09,10562130,12193
2020-02-10,10576410,14280
2020-02-12,10600645,24235
2020-02-13,10611631,10986
2020-02-14,10622683,11052
2020-02-15,10634322,11639
2020-02-16,10645821,11499
2020-02-17,10660315,14494
2020-02-18,10686370,26055
2020-02-19,10686370,0
2020-02-20,10697199,10829
2020-02-21,10708836,11637
2020-02-22,10721210,12374
2020-02-23,10744046,22836
2020-02-24,10761751,17705
2020-02-25,10777042,15291
2020-02-26,10789336,12294
2020-02-27,10801050,11714
2020-02-28,10811980,10930
2020-02-29,10822944,10964
2020-03-01,10834626,11682
2020-03-02,10848375,13749
2020-03-03,10861757,13382
2020-03-04,10872315,10558
2020-03-05,10882790,10475
2020-03-06,10893430,10640
2020-03-08,10916864,23434
2020-03-09,10930304,13440
2020-03-10,10943731,13427
2020-03-11,10954693,10962
2020-03-13,10976374,21681
2020-03-14,10987315,10941
2020-03-15,10999570,12255
2020-03-16,11013064,13494
2020-03-17,11026403,13339
2020-03-18,11038747,12344
2020-03-19,11051399,12652
2020-03-20,11064840,13441
2020-03-21,11078417,13577
2020-03-22,11091616,13199
2020-03-23,11104403,12787
2020-03-24,11117246,12843
2020-03-25,11130170,12924
2020-03-26,11143037,12867
2020-03-27,11154862,11825
2020-03-28,11167642,12780
2020-03-29,11180134,12492
2020-03-30,11193254,13120
2020-03-31,11205864,12610
2020-04-01,11219084,13220
2020-04-02,11232439,13355
2020-04-03,11245284,12845
2020-04-04,11259019,13735
2020-04-05,11272637,13618
2020-04-06,11286587,13950
2020-04-07,11300304,13717
2020-04-08,11314514,14210
2020-04-09,11327973,13459
2020-04-10,11341845,13872
2020-04-11,11355870,14025
2020-04-12,11369507,13637
2020-04-13,11383121,13614
2020-04-14,11396574,13453
2020-04-15,11410348,13774
2020-04-16,11424202,13854
2020-04-17,11438181,13979
2020-04-18,11452244,14063
2020-04-19,11465973,13729
2020-04-20,11479104,13131
2020-04-21,11492122,13018
2020-04-23,11519037,26915
2020-04-25,11546589,27552
2020-04-26,11559946,13357
2020-04-27,11573286,13340
2020-04-28,11586413,13127
2020-04-29,11599611,13198
2020-04-30,11609741,10130
2020-05-01,11611270,1529
2020-05-02,11547882,-63388
2020-05-03,11609741,61859
2020-05-04,11609741,0
2020-05-05,11587821,-21920
2020-05-06,11587821,0
2020-05-07,11587821,0
2020-05-08,11587821,0
2020-05-09,11587821,0
2020-05-10,11664377,76556
2020-05-11,11664377,0
2020-05-12,11664377,0
2020-05-13,11664377,0
2020-05-14,11664377,0
2020-05-15,11733462,69085
2020-05-16,11748172,14710
2020-05-17,11733462,-14710
2020-05-18,11733462,0
2020-05-19,11733462,0
2020-05-20,11748172,14710
2020-05-21,11806748,58576
2020-05-22,11806748,0
2020-05-23,11806748,0
2020-05-24,11806748,0
2020-05-25,11901351,94603
2020-05-26,11901351,0
2020-05-27,11901351,0
2020-05-28,11901351,0
2020-05-29,11901351,0
2020-05-30,11992021,90670
2020-05-31,11992021,0
2020-06-01,12011847,19826
2020-06-02,11992021,-19826
2020-06-03,11992021,0
2020-06-04,12073918,81897
2020-06-05,12073918,0
2020-06-06,12073918,0
2020-06-07,12073918,0
2020-06-08,12073918,0
2020-06-09,12143985,70067
2020-06-10,12143985,0
2020-06-11,12158098,14113
2020-06-12,12143985,-14113
2020-06-14,12199668,55683
2020-06-15,12199668,0
2020-06-16,12199668,0
2020-06-17,12199668,0
2020-06-18,12199668,0
2020-06-19,12268528,68860
2020-06-20,12268528,0
2020-06-21,12268528,0
2020-06-22,12268528,0
2020-06-23,12339112,70584
2020-06-24,12369182,30070
2020-06-25,12369182,0
2020-06-26,12369182,0
2020-06-27,12369182,0
2020-06-28,12369182,0
2020-06-29,12499380,130198
2020-06-30,12527005,27625
2020-07-01,12552338,25333
2020-07-02,12552338,0
2020-07-03,12552338,0
2020-07-04,12552338,0
2020-07-05,12552338,0
2020-07-06,12658403,106065
2020-07-07,12658403,0
2020-07-08,12658403,0
2020-07-09,12658403,0
2020-07-10,12658403,0
2020-07-11,12759975,101572
2020-07-12,12759975,0
2020-07-13,12759975,0
2020-07-14,12759975,0
2020-07-15,12759975,0
2020-07-16,12904257,144282
2020-07-17,12904257,0
2020-07-18,12904257,0
2020-07-19,12904257,0
2020-07-20,12904257,0
2020-07-21,13124946,220689
2020-07-22,13124946,0
2020-07-23,13124946,0
2020-07-24,13124946,0
2020-07-25,13124946,0
2020-07-26,13261140,136194
2020-07-27,13261140,0
2020-07-28,13261140,0
2020-07-29,13261140,0
2020-07-30,13356112,94972
2020-07-31,13356112,0
