date,followerstolistenersratio,followerstolistenersratiodifference
2018-04-04,100.88,0
2018-04-05,102.30,1.4200000000000017
2018-04-06,102.54,0.2400000000000091
2018-04-07,103.04,0.5
2018-04-08,103.48,0.4399999999999977
2018-04-09,103.89,0.4099999999999966
2018-04-10,104.27,0.37999999999999545
2018-04-11,102.19,-2.0799999999999983
2018-04-12,102.57,0.37999999999999545
2018-04-13,102.95,0.38000000000000966
2018-04-14,103.34,0.39000000000000057
2018-04-15,103.77,0.4299999999999926
2018-04-16,104.26,0.4900000000000091
2018-04-17,104.63,0.36999999999999034
2018-04-18,104.99,0.35999999999999943
2018-04-19,105.34,0.3500000000000085
2018-04-20,105.70,0.35999999999999943
2018-04-21,105.35,-0.3500000000000085
2018-04-22,105.78,0.4300000000000068
2018-04-23,106.16,0.37999999999999545
2018-04-24,106.51,0.3500000000000085
2018-04-25,106.85,0.3399999999999892
2018-04-26,107.48,0.6300000000000097
2018-04-27,107.82,0.3399999999999892
2018-04-28,108.21,0.39000000000000057
2018-04-29,108.59,0.38000000000000966
2018-04-30,108.93,0.3400000000000034
2018-05-02,109.79,0.8599999999999994
2018-05-03,110.07,0.2799999999999869
2018-05-04,111.16,1.0900000000000034
2018-05-05,111.50,0.3400000000000034
2018-05-06,111.86,0.35999999999999943
2018-05-07,112.17,0.3100000000000023
2018-05-08,114.16,1.9899999999999949
2018-05-09,114.47,0.3100000000000023
2018-05-10,114.69,0.21999999999999886
2018-05-11,114.99,0.29999999999999716
2018-05-12,115.34,0.3500000000000085
2018-05-13,116.97,1.6299999999999955
2018-05-14,117.25,0.28000000000000114
2018-05-15,117.64,0.39000000000000057
2018-05-17,118.39,0.75
2018-05-18,120.18,1.7900000000000063
2018-05-19,121.23,1.0499999999999972
2018-05-20,121.94,0.7099999999999937
2018-05-21,122.43,0.4900000000000091
2018-05-23,120.18,-2.25
2018-05-24,120.58,0.3999999999999915
2018-05-25,121.09,0.5100000000000051
2018-05-26,121.52,0.4299999999999926
2018-05-27,119.47,-2.049999999999997
2018-05-28,119.86,0.39000000000000057
2018-05-29,120.26,0.4000000000000057
2018-05-30,120.74,0.47999999999998977
2018-05-31,121.09,0.3500000000000085
2018-06-01,120.46,-0.6300000000000097
2018-06-02,120.93,0.4700000000000131
2018-06-03,121.45,0.519999999999996
2018-06-04,122.01,0.5600000000000023
2018-06-06,121.79,-0.21999999999999886
2018-06-07,122.08,0.28999999999999204
2018-06-08,122.54,0.46000000000000796
2018-06-09,123.11,0.5699999999999932
2018-06-10,123.57,0.45999999999999375
2018-06-11,123.57,0
2018-06-12,123.88,0.3100000000000023
2018-06-13,124.41,0.5300000000000011
2018-06-15,124.91,0.5
2018-06-16,127.37,2.460000000000008
2018-06-17,128.33,0.960000000000008
2018-06-18,129.10,0.7699999999999818
2018-06-20,100.72,-28.379999999999995
2018-06-21,101.57,0.8499999999999943
2018-06-23,102.20,0.6300000000000097
2018-06-25,81.87,-20.33
2018-06-26,82.43,0.5600000000000023
2018-06-27,82.77,0.3399999999999892
2018-06-29,72.12,-10.649999999999991
2018-07-01,72.85,0.7299999999999898
2018-07-02,72.78,-0.06999999999999318
2018-07-03,68.04,-4.739999999999995
2018-07-04,67.84,-0.20000000000000284
2018-07-05,68.60,0.7599999999999909
2018-07-06,68.86,0.2600000000000051
2018-07-07,69.23,0.37000000000000455
2018-07-08,63.20,-6.030000000000001
2018-07-09,63.27,0.07000000000000028
2018-07-10,63.49,0.21999999999999886
2018-07-12,64.11,0.6199999999999974
2018-07-19,59.06,-5.049999999999997
2018-07-20,59.22,0.1599999999999966
2018-07-21,59.56,0.3400000000000034
2018-07-24,61.75,2.1899999999999977
2018-07-25,61.91,0.1599999999999966
2018-07-27,63.05,1.1400000000000006
2018-07-28,63.40,0.3500000000000014
2018-07-29,63.68,0.28000000000000114
2018-07-30,63.88,0.20000000000000284
2018-07-31,64.08,0.19999999999999574
2018-08-01,64.66,0.5799999999999983
2018-08-02,64.95,0.29000000000000625
2018-08-03,65.19,0.23999999999999488
2018-08-04,65.45,0.2600000000000051
2018-08-05,65.72,0.269999999999996
2018-08-06,65.93,0.21000000000000796
2018-08-07,66.46,0.5299999999999869
2018-08-08,66.66,0.20000000000000284
2018-08-09,66.87,0.21000000000000796
2018-08-10,67.36,0.4899999999999949
2018-08-11,67.62,0.2600000000000051
2018-08-12,67.89,0.269999999999996
2018-08-13,68.11,0.21999999999999886
2018-08-16,69.01,0.9000000000000057
2018-08-17,69.26,0.25
2018-08-20,70.33,1.0699999999999932
2018-08-24,71.64,1.3100000000000023
2018-08-29,72.75,1.1099999999999994
2018-08-30,72.89,0.14000000000000057
2018-09-06,74.57,1.6799999999999926
2018-09-08,75.61,1.0400000000000063
2018-09-09,75.99,0.37999999999999545
2018-09-10,76.20,0.21000000000000796
2018-09-11,76.88,0.6799999999999926
2018-09-12,77.08,0.20000000000000284
2018-09-13,77.21,0.12999999999999545
2018-09-14,77.44,0.23000000000000398
2018-09-15,77.68,0.2400000000000091
2018-09-16,77.93,0.25
2018-09-17,78.84,0.9099999999999966
2018-09-18,78.99,0.14999999999999147
2018-09-19,79.21,0.21999999999999886
2018-09-20,79.39,0.18000000000000682
2018-09-21,80.75,1.3599999999999994
2018-09-22,80.98,0.23000000000000398
2018-09-23,81.24,0.2599999999999909
2018-09-24,81.45,0.21000000000000796
2018-09-25,84.04,2.5900000000000034
2018-09-26,84.22,0.1799999999999926
2018-09-27,84.43,0.21000000000000796
2018-09-28,84.64,0.20999999999999375
2018-09-29,84.91,0.269999999999996
2018-09-30,86.55,1.6400000000000006
2018-10-01,86.76,0.21000000000000796
2018-10-02,86.97,0.20999999999999375
2018-10-03,87.18,0.21000000000000796
2018-10-04,87.97,0.789999999999992
2018-10-06,88.49,0.519999999999996
2018-10-07,88.75,0.2600000000000051
2018-10-08,88.98,0.23000000000000398
2018-10-09,90.59,1.6099999999999994
2018-10-10,90.72,0.12999999999999545
2018-10-11,90.89,0.1700000000000017
2018-10-12,91.15,0.2600000000000051
2018-10-13,91.44,0.28999999999999204
2018-10-14,93.33,1.8900000000000006
2018-10-15,93.59,0.2600000000000051
2018-10-16,93.83,0.23999999999999488
2018-10-17,94.09,0.2600000000000051
2018-10-18,94.29,0.20000000000000284
2018-10-19,95.76,1.4699999999999989
2018-10-20,96.12,0.35999999999999943
2018-10-21,96.49,0.36999999999999034
2018-10-22,96.78,0.29000000000000625
2018-10-23,97.07,0.28999999999999204
2018-10-24,97.34,0.27000000000001023
2018-10-25,54.99,-42.35
2018-10-26,55.16,0.1699999999999946
2018-10-27,55.34,0.18000000000000682
2018-10-28,55.53,0.18999999999999773
2018-10-29,55.69,0.1599999999999966
2018-10-30,36.90,-18.79
2018-10-31,37.00,0.10000000000000142
2018-11-01,37.09,0.09000000000000341
2018-11-02,37.19,0.09999999999999432
2018-11-04,30.59,-6.599999999999998
2018-11-07,30.78,0.19000000000000128
2018-11-08,30.87,0.08999999999999986
2018-11-09,26.97,-3.900000000000002
2018-11-10,27.06,0.08999999999999986
2018-11-11,27.16,0.10000000000000142
2018-11-12,27.26,0.10000000000000142
2018-11-13,24.50,-2.7600000000000016
2018-11-14,24.18,-0.3200000000000003
2018-11-15,23.84,-0.33999999999999986
2018-11-16,23.52,-0.3200000000000003
2018-11-17,23.25,-0.2699999999999996
2018-11-18,23.61,0.35999999999999943
2018-11-19,23.66,0.05000000000000071
2018-11-20,23.69,0.030000000000001137
2018-11-21,23.79,0.09999999999999787
2018-11-22,23.97,0.17999999999999972
2018-11-23,24.18,0.21000000000000085
2018-11-24,24.47,0.28999999999999915
2018-11-25,24.81,0.33999999999999986
2018-11-26,25.15,0.33999999999999986
2018-11-27,25.41,0.26000000000000156
2018-11-28,25.64,0.23000000000000043
2018-11-29,25.82,0.17999999999999972
2018-11-30,26.04,0.21999999999999886
2018-12-01,26.27,0.23000000000000043
2018-12-02,26.55,0.28000000000000114
2018-12-03,26.77,0.21999999999999886
2018-12-04,26.97,0.1999999999999993
2018-12-05,27.18,0.21000000000000085
2018-12-06,27.44,0.26000000000000156
2018-12-07,27.71,0.2699999999999996
2018-12-08,27.97,0.259999999999998
2018-12-09,28.30,0.33000000000000185
2018-12-10,28.65,0.34999999999999787
2018-12-11,28.92,0.2700000000000031
2018-12-12,29.19,0.2699999999999996
2018-12-13,29.50,0.3099999999999987
2018-12-14,29.85,0.3500000000000014
2018-12-15,30.19,0.33999999999999986
2018-12-16,30.53,0.33999999999999986
2018-12-17,30.92,0.39000000000000057
2018-12-18,31.27,0.34999999999999787
2018-12-19,31.62,0.3500000000000014
2018-12-20,31.97,0.34999999999999787
2018-12-21,32.33,0.35999999999999943
2018-12-22,32.66,0.3299999999999983
2018-12-23,32.98,0.3200000000000003
2018-12-24,33.33,0.3500000000000014
2018-12-25,33.65,0.3200000000000003
2018-12-26,33.92,0.2700000000000031
2018-12-27,34.30,0.37999999999999545
2018-12-28,34.60,0.30000000000000426
2018-12-29,34.83,0.22999999999999687
2018-12-30,34.97,0.14000000000000057
2018-12-31,35.11,0.14000000000000057
2019-01-01,35.19,0.0799999999999983
2019-01-02,34.86,-0.3299999999999983
2019-01-03,35.00,0.14000000000000057
2019-01-04,35.01,0.00999999999999801
2019-01-05,34.95,-0.05999999999999517
2019-01-06,34.86,-0.09000000000000341
2019-01-07,34.77,-0.0899999999999963
2019-01-08,34.73,-0.04000000000000625
2019-01-09,34.69,-0.03999999999999915
2019-01-10,34.67,-0.01999999999999602
2019-01-11,34.67,0
2019-01-12,34.68,0.00999999999999801
2019-01-13,34.71,0.030000000000001137
2019-01-14,34.73,0.01999999999999602
2019-01-15,34.71,-0.01999999999999602
2019-01-16,34.78,0.07000000000000028
2019-01-17,34.90,0.11999999999999744
2019-01-18,34.97,0.07000000000000028
2019-01-19,35.08,0.10999999999999943
2019-01-20,35.27,0.19000000000000483
2019-01-21,35.45,0.17999999999999972
2019-01-22,35.62,0.1699999999999946
2019-01-23,35.83,0.21000000000000085
2019-01-24,35.98,0.14999999999999858
2019-01-25,36.20,0.22000000000000597
2019-01-26,36.51,0.30999999999999517
2019-01-27,36.78,0.2700000000000031
2019-01-28,37.08,0.29999999999999716
2019-01-29,37.43,0.3500000000000014
2019-01-30,38.24,0.8100000000000023
2019-01-31,38.60,0.35999999999999943
2019-02-01,39.06,0.46000000000000085
2019-02-02,39.60,0.5399999999999991
2019-02-03,40.21,0.6099999999999994
2019-02-04,40.77,0.5600000000000023
2019-02-05,41.24,0.46999999999999886
2019-02-06,41.74,0.5
2019-02-07,42.23,0.4899999999999949
2019-02-08,42.78,0.5500000000000043
2019-02-09,43.35,0.5700000000000003
2019-02-10,43.90,0.5499999999999972
2019-02-11,44.46,0.5600000000000023
2019-02-12,44.97,0.509999999999998
2019-02-13,45.43,0.46000000000000085
2019-02-14,45.84,0.4100000000000037
2019-02-15,46.25,0.4099999999999966
2019-02-16,46.83,0.5799999999999983
2019-02-17,47.28,0.45000000000000284
2019-02-18,47.59,0.3100000000000023
2019-02-19,47.86,0.269999999999996
2019-02-20,48.14,0.28000000000000114
2019-02-21,48.35,0.21000000000000085
2019-02-22,48.58,0.22999999999999687
2019-02-24,49.37,0.7899999999999991
2019-02-25,49.64,0.2700000000000031
2019-02-26,49.85,0.21000000000000085
2019-02-27,50.06,0.21000000000000085
2019-03-02,50.80,0.7399999999999949
2019-03-03,51.05,0.25
2019-03-04,51.28,0.23000000000000398
2019-03-05,51.54,0.259999999999998
2019-03-06,51.74,0.20000000000000284
2019-03-07,51.97,0.22999999999999687
2019-03-08,52.25,0.28000000000000114
2019-03-09,52.52,0.2700000000000031
2019-03-10,52.88,0.35999999999999943
2019-03-11,53.22,0.3399999999999963
2019-03-12,53.53,0.3100000000000023
2019-03-13,53.89,0.35999999999999943
2019-03-14,54.27,0.38000000000000256
2019-03-15,54.67,0.3999999999999986
2019-03-16,55.02,0.3500000000000014
2019-03-17,55.42,0.3999999999999986
2019-03-18,55.77,0.3500000000000014
2019-03-19,56.05,0.27999999999999403
2019-03-20,56.37,0.3200000000000003
2019-03-21,56.69,0.3200000000000003
2019-03-22,57.07,0.38000000000000256
2019-03-23,57.42,0.3500000000000014
2019-03-24,57.70,0.28000000000000114
2019-03-25,58.08,0.37999999999999545
2019-03-26,58.40,0.3200000000000003
2019-03-27,58.73,0.3299999999999983
2019-03-28,59.02,0.29000000000000625
2019-03-29,59.33,0.30999999999999517
2019-03-30,59.66,0.3299999999999983
2019-03-31,59.92,0.2600000000000051
2019-04-01,60.14,0.21999999999999886
2019-04-02,60.38,0.240000000000002
2019-04-03,60.55,0.1699999999999946
2019-04-04,60.77,0.22000000000000597
2019-04-05,61.18,0.4099999999999966
2019-04-06,60.74,-0.4399999999999977
2019-04-07,57.54,-3.200000000000003
2019-04-08,55.09,-2.4499999999999957
2019-04-09,53.05,-2.0400000000000063
2019-04-10,51.15,-1.8999999999999986
2019-04-11,49.35,-1.7999999999999972
2019-04-13,45.89,-3.460000000000001
2019-04-15,43.40,-2.490000000000002
2019-04-17,41.55,-1.8500000000000014
2019-04-19,39.96,-1.5899999999999963
2019-04-23,37.78,-2.1799999999999997
2019-04-26,36.56,-1.2199999999999989
2019-04-27,36.24,-0.3200000000000003
2019-04-28,35.96,-0.28000000000000114
2019-04-29,35.68,-0.28000000000000114
2019-04-30,35.45,-0.22999999999999687
2019-05-01,35.22,-0.23000000000000398
2019-05-02,35.00,-0.21999999999999886
2019-05-03,34.76,-0.240000000000002
2019-05-04,34.61,-0.14999999999999858
2019-05-05,34.92,0.3100000000000023
2019-05-06,35.26,0.3399999999999963
2019-05-07,35.32,0.060000000000002274
2019-05-08,35.54,0.21999999999999886
2019-05-09,36.12,0.5799999999999983
2019-05-10,36.14,0.020000000000003126
2019-05-11,36.61,0.46999999999999886
2019-05-12,37.06,0.45000000000000284
2019-05-13,37.49,0.4299999999999997
2019-05-15,38.32,0.8299999999999983
2019-05-19,40.34,2.020000000000003
2019-05-20,40.70,0.35999999999999943
2019-05-23,41.49,0.7899999999999991
2019-05-26,42.57,1.0799999999999983
2019-05-29,43.57,1
2019-06-01,44.66,1.0899999999999963
2019-06-04,46.37,1.7100000000000009
2019-06-07,48.12,1.75
2019-06-10,50.03,1.9100000000000037
2019-06-13,51.87,1.8399999999999963
2019-06-16,53.94,2.0700000000000003
2019-06-18,55.22,1.2800000000000011
2019-06-20,56.51,1.2899999999999991
2019-06-21,57.25,0.740000000000002
2019-06-22,58.01,0.759999999999998
2019-06-23,58.73,0.7199999999999989
2019-06-24,59.41,0.6799999999999997
2019-06-25,60.05,0.6400000000000006
2019-06-26,60.73,0.6799999999999997
2019-06-27,61.45,0.720000000000006
2019-06-28,62.18,0.7299999999999969
2019-06-29,63.03,0.8500000000000014
2019-06-30,63.47,0.4399999999999977
2019-07-01,63.82,0.3500000000000014
2019-07-02,64.10,0.27999999999999403
2019-07-03,64.32,0.21999999999999886
2019-07-04,64.57,0.25
2019-07-05,64.79,0.22000000000001307
2019-07-06,65.00,0.20999999999999375
2019-07-07,65.34,0.3400000000000034
2019-07-08,65.70,0.35999999999999943
2019-07-09,65.99,0.28999999999999204
2019-07-10,66.19,0.20000000000000284
2019-07-11,66.40,0.21000000000000796
2019-07-12,66.57,0.1699999999999875
2019-07-13,66.75,0.18000000000000682
2019-07-14,66.98,0.23000000000000398
2019-07-15,67.23,0.25
2019-07-16,67.45,0.21999999999999886
2019-07-17,67.65,0.20000000000000284
2019-07-18,67.88,0.22999999999998977
2019-07-19,68.08,0.20000000000000284
2019-07-22,68.99,0.9099999999999966
2019-07-23,69.29,0.30000000000001137
2019-07-24,69.53,0.23999999999999488
2019-07-25,69.85,0.3199999999999932
2019-07-26,70.22,0.37000000000000455
2019-07-27,70.57,0.3499999999999943
2019-07-28,70.95,0.38000000000000966
2019-07-29,71.35,0.3999999999999915
2019-07-30,71.72,0.37000000000000455
2019-07-31,72.06,0.3400000000000034
2019-08-01,72.39,0.3299999999999983
2019-08-02,72.73,0.3400000000000034
2019-08-03,73.07,0.3399999999999892
2019-08-04,73.48,0.4100000000000108
2019-08-05,73.82,0.3399999999999892
2019-08-06,74.22,0.4000000000000057
2019-08-07,74.58,0.35999999999999943
2019-08-08,74.98,0.4000000000000057
2019-08-09,75.42,0.4399999999999977
2019-08-10,75.83,0.4099999999999966
2019-08-11,76.13,0.29999999999999716
2019-08-13,76.87,0.7400000000000091
2019-08-14,77.17,0.29999999999999716
2019-08-15,77.54,0.37000000000000455
2019-08-16,77.97,0.4299999999999926
2019-08-17,78.39,0.4200000000000017
2019-08-18,78.73,0.3400000000000034
2019-08-19,79.10,0.36999999999999034
2019-08-20,79.45,0.3500000000000085
2019-08-21,79.81,0.35999999999999943
2019-08-22,80.17,0.35999999999999943
2019-08-23,80.50,0.3299999999999983
2019-08-24,80.89,0.39000000000000057
2019-08-25,81.40,0.5100000000000051
2019-08-26,81.91,0.5099999999999909
2019-08-27,82.13,0.21999999999999886
2019-08-28,82.46,0.3299999999999983
2019-08-29,82.86,0.4000000000000057
2019-08-30,83.27,0.4099999999999966
2019-08-31,83.67,0.4000000000000057
2019-09-01,84.05,0.37999999999999545
2019-09-02,84.38,0.3299999999999983
2019-09-03,84.63,0.25
2019-09-04,85.00,0.37000000000000455
2019-09-05,85.30,0.29999999999999716
2019-09-06,85.69,0.39000000000000057
2019-09-07,86.09,0.4000000000000057
2019-09-08,86.55,0.45999999999999375
2019-09-09,86.90,0.3500000000000085
2019-09-10,87.17,0.269999999999996
2019-09-11,87.63,0.45999999999999375
2019-09-12,88.05,0.4200000000000017
2019-09-13,88.37,0.3200000000000074
2019-09-14,88.74,0.36999999999999034
2019-09-15,89.16,0.4200000000000017
2019-09-16,89.46,0.29999999999999716
2019-09-17,89.76,0.30000000000001137
2019-09-18,90.13,0.36999999999999034
2019-09-19,90.54,0.4100000000000108
2019-09-20,90.89,0.3499999999999943
2019-09-21,91.31,0.4200000000000017
2019-09-22,91.64,0.3299999999999983
2019-09-23,91.83,0.18999999999999773
2019-09-25,92.53,0.7000000000000028
2019-09-26,92.89,0.35999999999999943
2019-09-27,93.01,0.12000000000000455
2019-09-29,93.67,0.6599999999999966
2019-10-01,94.39,0.7199999999999989
2019-10-02,94.71,0.3199999999999932
2019-10-03,95.11,0.4000000000000057
2019-10-04,95.45,0.3400000000000034
2019-10-05,95.87,0.4200000000000017
2019-10-06,96.18,0.3100000000000023
2019-10-07,96.54,0.35999999999999943
2019-10-08,96.89,0.3499999999999943
2019-10-09,97.16,0.269999999999996
2019-10-10,97.54,0.38000000000000966
2019-10-11,97.94,0.3999999999999915
2019-10-14,99.28,1.3400000000000034
2019-10-15,99.72,0.4399999999999977
2019-10-16,99.93,0.21000000000000796
2019-10-17,100.29,0.35999999999999943
2019-10-18,100.58,0.28999999999999204
2019-10-19,100.83,0.25
2019-10-20,100.94,0.10999999999999943
2019-10-21,101.22,0.28000000000000114
2019-10-22,101.57,0.3499999999999943
2019-10-23,101.75,0.18000000000000682
2019-10-24,101.92,0.1700000000000017
2019-10-25,102.23,0.3100000000000023
2019-10-26,102.22,-0.010000000000005116
2019-10-27,102.42,0.20000000000000284
2019-10-28,102.72,0.29999999999999716
2019-10-29,103.07,0.3499999999999943
2019-10-30,103.34,0.27000000000001023
2019-10-31,103.55,0.20999999999999375
2019-11-01,103.85,0.29999999999999716
2019-11-02,103.98,0.13000000000000966
2019-11-03,104.41,0.4299999999999926
2019-11-04,104.83,0.4200000000000017
2019-11-05,105.23,0.4000000000000057
2019-11-07,105.70,0.46999999999999886
2019-11-08,105.95,0.25
2019-11-09,106.21,0.2599999999999909
2019-11-10,106.48,0.27000000000001023
2019-11-11,106.67,0.18999999999999773
2019-11-12,106.85,0.1799999999999926
2019-11-13,107.01,0.1600000000000108
2019-11-14,107.25,0.23999999999999488
2019-11-17,108.39,1.1400000000000006
2019-11-18,108.80,0.4099999999999966
2019-11-19,109.13,0.3299999999999983
2019-11-20,109.47,0.3400000000000034
2019-11-21,109.85,0.37999999999999545
2019-11-22,110.28,0.4300000000000068
2019-11-23,110.67,0.39000000000000057
2019-11-24,111.19,0.519999999999996
2019-11-25,111.63,0.4399999999999977
2019-11-26,112.05,0.4200000000000017
2019-11-27,112.28,0.23000000000000398
2019-11-28,112.65,0.37000000000000455
2019-11-29,112.96,0.30999999999998806
2019-11-30,113.44,0.480000000000004
2019-12-01,113.85,0.4099999999999966
2019-12-03,114.61,0.7600000000000051
2019-12-04,114.80,0.18999999999999773
2019-12-07,114.48,-0.3199999999999932
2019-12-08,113.45,-1.0300000000000011
2019-12-09,112.84,-0.6099999999999994
2019-12-10,112.45,-0.39000000000000057
2019-12-12,111.67,-0.7800000000000011
2019-12-13,111.49,-0.18000000000000682
2019-12-15,111.26,-0.22999999999998977
2019-12-16,111.22,-0.04000000000000625
2019-12-17,111.24,0.01999999999999602
2019-12-18,111.09,-0.14999999999999147
2019-12-19,110.99,-0.10000000000000853
2019-12-20,110.87,-0.11999999999999034
2019-12-21,110.80,-0.07000000000000739
2019-12-22,110.78,-0.01999999999999602
2019-12-27,110.68,-0.09999999999999432
2019-12-28,110.68,0
2019-12-29,110.54,-0.14000000000000057
2019-12-30,110.45,-0.09000000000000341
2019-12-31,110.36,-0.09000000000000341
2020-01-01,110.01,-0.3499999999999943
2020-01-02,109.25,-0.7600000000000051
2020-01-03,109.34,0.09000000000000341
2020-01-04,109.90,0.5600000000000023
2020-01-05,110.52,0.6199999999999903
2020-01-06,111.02,0.5
2020-01-07,111.47,0.45000000000000284
2020-01-08,111.81,0.3400000000000034
2020-01-09,112.10,0.28999999999999204
2020-01-10,112.38,0.28000000000000114
2020-01-11,112.76,0.38000000000000966
2020-01-12,113.08,0.3199999999999932
2020-01-13,113.27,0.18999999999999773
2020-01-14,113.49,0.21999999999999886
2020-01-15,113.70,0.21000000000000796
2020-01-16,114.00,0.29999999999999716
2020-01-17,114.21,0.20999999999999375
2020-01-18,114.39,0.18000000000000682
2020-01-19,114.63,0.23999999999999488
2020-01-20,114.81,0.18000000000000682
2020-01-21,114.99,0.1799999999999926
2020-01-22,115.34,0.3500000000000085
2020-01-23,115.74,0.3999999999999915
2020-01-24,115.73,-0.009999999999990905
2020-01-25,115.86,0.12999999999999545
2020-01-26,116.10,0.23999999999999488
2020-01-27,116.46,0.35999999999999943
2020-01-28,116.91,0.45000000000000284
2020-01-30,118.81,1.9000000000000057
2020-01-31,119.05,0.23999999999999488
2020-02-01,119.29,0.2400000000000091
2020-02-03,119.57,0.2799999999999869
2020-02-04,119.75,0.18000000000000682
2020-02-05,120.03,0.28000000000000114
2020-02-06,120.29,0.2600000000000051
2020-02-07,120.49,0.19999999999998863
2020-02-08,120.65,0.1600000000000108
2020-02-09,121.01,0.35999999999999943
2020-02-10,121.28,0.269999999999996
2020-02-12,121.77,0.4899999999999949
2020-02-13,121.97,0.20000000000000284
2020-02-14,122.14,0.1700000000000017
2020-02-15,122.21,0.06999999999999318
2020-02-16,122.41,0.20000000000000284
2020-02-17,122.56,0.15000000000000568
2020-02-18,122.89,0.3299999999999983
2020-02-19,122.96,0.06999999999999318
2020-02-20,123.17,0.21000000000000796
2020-02-21,123.23,0.060000000000002274
2020-02-22,123.44,0.20999999999999375
2020-02-23,123.66,0.21999999999999886
2020-02-24,123.79,0.13000000000000966
2020-02-25,123.90,0.10999999999999943
2020-02-26,124.00,0.09999999999999432
2020-02-27,124.21,0.20999999999999375
2020-02-28,124.54,0.3300000000000125
2020-02-29,124.86,0.3199999999999932
2020-03-01,125.33,0.46999999999999886
2020-03-02,125.76,0.4300000000000068
2020-03-03,126.13,0.36999999999999034
2020-03-04,126.37,0.2400000000000091
2020-03-05,126.63,0.2599999999999909
2020-03-06,126.91,0.28000000000000114
2020-03-08,127.23,0.3200000000000074
2020-03-09,127.26,0.030000000000001137
2020-03-10,127.37,0.10999999999999943
2020-03-11,127.43,0.060000000000002274
2020-03-13,127.86,0.4299999999999926
2020-03-14,128.25,0.39000000000000057
2020-03-15,128.71,0.46000000000000796
2020-03-16,129.03,0.3199999999999932
2020-03-17,129.33,0.30000000000001137
2020-03-18,129.55,0.21999999999999886
2020-03-19,129.80,0.25
2020-03-20,129.95,0.14999999999997726
2020-03-21,130.13,0.18000000000000682
2020-03-22,130.46,0.3300000000000125
2020-03-23,130.80,0.3400000000000034
2020-03-24,131.02,0.21999999999999886
2020-03-25,131.08,0.060000000000002274
2020-03-26,131.12,0.03999999999999204
2020-03-27,131.11,-0.009999999999990905
2020-03-28,131.01,-0.10000000000002274
2020-03-29,130.99,-0.01999999999998181
2020-03-30,131.18,0.18999999999999773
2020-03-31,131.45,0.2699999999999818
2020-04-01,131.47,0.020000000000010232
2020-04-02,131.57,0.09999999999999432
2020-04-03,131.78,0.21000000000000796
2020-04-04,132.13,0.3499999999999943
2020-04-05,132.75,0.6200000000000045
2020-04-06,133.49,0.7400000000000091
2020-04-07,134.15,0.6599999999999966
2020-04-08,134.62,0.46999999999999886
2020-04-09,135.05,0.4300000000000068
2020-04-10,135.68,0.6299999999999955
2020-04-11,136.31,0.6299999999999955
2020-04-12,137.06,0.75
2020-04-13,137.70,0.6399999999999864
2020-04-14,138.27,0.5700000000000216
2020-04-15,138.69,0.4199999999999875
2020-04-16,139.29,0.5999999999999943
2020-04-17,139.91,0.6200000000000045
2020-04-18,140.52,0.6100000000000136
2020-04-19,141.02,0.5
2020-04-20,141.59,0.5699999999999932
2020-04-21,142.13,0.539999999999992
2020-04-23,143.21,1.0800000000000125
2020-04-25,144.06,0.8499999999999943
2020-04-26,144.67,0.6099999999999852
2020-04-27,145.18,0.5100000000000193
2020-04-28,145.74,0.5600000000000023
2020-04-29,146.37,0.6299999999999955
2020-04-30,146.95,0.5799999999999841
2020-05-01,147.25,0.30000000000001137
2020-05-02,146.82,-0.4300000000000068
2020-05-03,146.95,0.12999999999999545
2020-05-04,146.95,0
2020-05-05,147.96,1.0100000000000193
2020-05-06,147.96,0
2020-05-07,147.96,0
2020-05-08,147.96,0
2020-05-09,147.96,0
2020-05-10,149.11,1.1500000000000057
2020-05-11,149.11,0
2020-05-12,149.11,0
2020-05-13,149.11,0
2020-05-14,149.11,0
2020-05-15,150.18,1.0699999999999932
2020-05-16,150.53,0.3499999999999943
2020-05-17,150.18,-0.3499999999999943
2020-05-18,150.18,0
2020-05-19,150.18,0
2020-05-20,150.53,0.3499999999999943
2020-05-21,150.79,0.2599999999999909
2020-05-22,150.79,0
2020-05-23,150.79,0
2020-05-24,150.79,0
2020-05-25,152.37,1.5800000000000125
2020-05-26,152.37,0
2020-05-27,152.37,0
2020-05-28,152.37,0
2020-05-29,152.37,0
2020-05-30,138.87,-13.5
2020-05-31,138.87,0
2020-06-01,139.10,0.22999999999998977
2020-06-02,138.87,-0.22999999999998977
2020-06-03,138.87,0
2020-06-04,87.94,-50.93000000000001
2020-06-05,87.94,0
2020-06-06,87.94,0
2020-06-07,87.94,0
2020-06-08,87.94,0
2020-06-09,71.12,-16.819999999999993
2020-06-10,71.12,0
2020-06-11,71.21,0.0899999999999892
2020-06-12,71.12,-0.0899999999999892
2020-06-14,65.90,-5.219999999999999
2020-06-15,65.90,0
2020-06-16,65.90,0
2020-06-17,65.90,0
2020-06-18,65.90,0
2020-06-19,61.57,-4.330000000000005
2020-06-20,61.57,0
2020-06-21,61.57,0
2020-06-22,61.57,0
2020-06-23,59.28,-2.289999999999999
2020-06-24,58.94,-0.3400000000000034
2020-06-25,58.94,0
2020-06-26,58.94,0
2020-06-27,58.94,0
2020-06-28,58.94,0
2020-06-29,59.64,0.7000000000000028
2020-06-30,60.16,0.519999999999996
2020-07-01,60.37,0.21000000000000085
2020-07-02,60.37,0
2020-07-03,60.37,0
2020-07-04,60.37,0
2020-07-05,60.37,0
2020-07-06,60.08,-0.28999999999999915
2020-07-07,60.08,0
2020-07-08,60.08,0
2020-07-09,60.08,0
2020-07-10,60.08,0
2020-07-11,59.40,-0.6799999999999997
2020-07-12,59.40,0
2020-07-13,59.40,0
2020-07-14,59.40,0
2020-07-15,59.40,0
2020-07-16,59.26,-0.14000000000000057
2020-07-17,59.26,0
2020-07-18,59.26,0
2020-07-19,59.26,0
2020-07-20,59.26,0
2020-07-21,58.66,-0.6000000000000014
2020-07-22,58.66,0
2020-07-23,58.66,0
2020-07-24,58.66,0
2020-07-25,58.66,0
2020-07-26,57.39,-1.269999999999996
2020-07-27,57.39,0
2020-07-28,57.39,0
2020-07-29,57.39,0
2020-07-30,60.42,3.030000000000001
2020-07-31,60.42,0
