index,artist_name,track_name,danceability,energy,key,loudness,speechiness,accousticness,instrumentalness,liveness,valence,tempo,duration_ms,release_date
1,One Direction,Hey Angel,0.523,0.883,8,-2.956,0.0365,0.0202,0,0.116,0.35,92.215,240000,2015-11-13
2,One Direction,Drag Me Down,0.723,0.711,0,-5.576,0.0378,0.0997,0,0.0528,0.606,138.098,192107,2015-07-31
3,One Direction,Perfect,0.647,0.823,2,-5.231,0.0762,0.0598,0,0.119,0.396,99.933,230333,2015-10-16
4,One Direction,Infinity,0.529,0.736,4,-6.056,0.0346,0.0725,0,0.0832,0.394,131.944,249493,2015-09-22
5,One Direction,End of the Day,0.502,0.594,11,-5.031,0.0365,0.0256,0,0.0834,0.349,153.687,194973,2015-11-09
6,One Direction,If I Could Fly,0.565,0.245,5,-9.132,0.0262,0.781,0,0.0998,0.307,75.055,230320,2015-11-13
7,One Direction,Long Way Down,0.633,0.565,0,-5.179,0.0242,0.0772,2.31e-05,0.168,0.539,145.001,192160,2015-11-13
8,One Direction,Never Enough,0.579,0.779,4,-1.829,0.0512,0.0379,0,0.385,0.587,164.145,213440,2015-11-13
9,One Direction,Olivia,0.64,0.681,6,-5.362,0.0334,0.0438,0,0.166,0.676,118.062,177973,2015-11-13
10,One Direction,What a Feeling,0.678,0.869,0,-4.345,0.0461,0.149,0,0.0593,0.882,123.964,200533,2015-11-11
11,One Direction,Love You Goodbye,0.546,0.657,1,-4.787,0.0332,0.0928,0,0.119,0.361,133.188,196933,2015-11-10
12,One Direction,I Want to Write You a Song,0.714,0.443,5,-7.638,0.0256,0.779,0.000109,0.144,0.463,106.038,179013,2015-11-13
13,One Direction,History,0.655,0.699,11,-4.421,0.0493,0.0352,0,0.064,0.802,86.704,187427,2015-11-06
14,One Direction,Temporary Fix,0.556,0.902,4,-5.143,0.0449,9.17e-05,0,0.0888,0.96,145.914,175013,2015-11-13
15,One Direction,Walking in the Wind,0.687,0.447,8,-6.586,0.0486,0.0829,0,0.0878,0.501,114.578,202640,2015-11-13
16,One Direction,Wolves,0.627,0.818,5,-4.243,0.057,0.114,0,0.0504,0.527,123.456,241533,2015-11-13
17,One Direction,A.M.,0.586,0.527,3,-4.905,0.0309,0.227,0,0.0963,0.506,141.839,209040,2015-11-13
18,One Direction,Steal My Girl,0.536,0.768,10,-5.948,0.0347,0.00433,0,0.114,0.545,77.217,228133,2014-11-17
19,One Direction,Ready to Run,0.524,0.831,2,-4.174,0.036,0.00229,0,0.171,0.299,115.067,196053,2014-11-17
20,One Direction,Where Do Broken Hearts Go,0.565,0.862,4,-3.715,0.0326,0.0014,0,0.105,0.647,122.994,229040,2014-11-17
21,One Direction,18,0.681,0.582,6,-7.76,0.0313,0.22,0,0.119,0.221,124.038,248360,2014-11-17
22,One Direction,Girl Almighty,0.508,0.895,9,-3.745,0.0414,0.0424,0,0.198,0.495,168.941,201853,2014-11-17
23,One Direction,Fool's Gold,0.515,0.773,6,-4.848,0.0479,0.23,1.29e-06,0.0938,0.379,128.001,210893,2014-11-17
24,One Direction,Night Changes,0.672,0.52,8,-7.747,0.0353,0.859,0,0.115,0.37,120.001,226600,2014-11-17
25,One Direction,No Control,0.558,0.916,1,-3.145,0.0839,0.0278,0,0.0296,0.85,142.984,199720,2014-11-17
26,One Direction,Fireproof,0.681,0.864,3,-3.276,0.0301,0.00477,0,0.122,0.921,132.929,174080,2014-11-17
27,One Direction,Spaces,0.425,0.668,9,-7.542,0.0474,0.231,0,0.0681,0.351,149.924,256707,2014-11-17
28,One Direction,Stockholm Syndrome,0.678,0.933,2,-4.959,0.14,0.0734,0,0.0863,0.336,120.572,214720,2014-11-17
29,One Direction,Clouds,0.395,0.906,0,-4.683,0.0866,0.0183,0,0.382,0.196,147.864,231707,2014-11-17
30,One Direction,Change Your Ticket,0.59,0.944,10,-4.323,0.0499,0.00154,0,0.322,0.596,103.991,266600,2014-11-17
31,One Direction,Illusion,0.562,0.703,1,-5.457,0.0361,0.00205,0,0.15,0.538,122.986,194200,2014-11-17
32,One Direction,Once in a Lifetime,0.554,0.335,5,-5.513,0.0281,0.618,0,0.0927,0.298,133.709,158320,2014-11-17
33,Katy Perry,Act My Age,0.687,0.793,9,-5.461,0.0895,0.00708,0,0.375,0.622,112.057,221613,2017-06-09
34,One Direction,Best Song Ever,0.652,0.877,1,-2.986,0.0465,0.0227,0,0.0789,0.486,118.491,200107,2013-11-25
35,One Direction,Story of My Life,0.6,0.663,3,-5.802,0.0477,0.225,0,0.119,0.286,121.07,245493,2013-11-25
36,One Direction,Diana,0.549,0.868,2,-4.319,0.0614,0.0604,0,0.137,0.755,171.96,184667,2013-11-25
37,One Direction,Midnight Memories,0.432,0.868,6,-2.01,0.0882,0.00725,0,0.233,0.567,156.128,176320,2013-11-25
38,One Direction,You & I,0.574,0.329,1,-6.829,0.0274,0.22,0,0.0986,0.356,130.993,237933,2013-11-25
39,One Direction,Don't Forget Where You Belong,0.54,0.711,7,-5.717,0.0255,0.103,0,0.0827,0.292,92.014,241000,2013-11-25
40,One Direction,Strong,0.741,0.663,0,-7.308,0.0434,0.0608,0,0.0931,0.338,115.013,184373,2013-11-25
41,One Direction,Happily,0.623,0.89,9,-4.783,0.0394,0.0426,0,0.153,0.824,117.0,175480,2013-11-25
42,Rihanna,Right Now,0.668,0.64,3,-5.208,0.0888,0.049,0,0.0675,0.259,130.004,181627,2012-12-11
43,One Direction,Little Black Dress,0.63,0.881,4,-3.506,0.0433,0.000467,0,0.0405,0.54,121.468,157653,2013-11-25
44,One Direction,Through the Dark,0.568,0.691,9,-5.225,0.0306,0.188,0,0.0861,0.396,131.007,221733,2013-11-25
45,One Direction,Something Great,0.547,0.649,2,-5.039,0.0298,0.00793,0,0.201,0.361,114.019,236520,2013-11-25
46,One Direction,Little White Lies,0.591,0.899,0,-3.768,0.0536,0.00726,0,0.393,0.446,139.547,197920,2013-11-25
47,One Direction,Better Than Words,0.627,0.839,11,-5.589,0.0508,0.114,0,0.534,0.79,157.993,208667,2013-11-25
48,One Direction,Why Don't We Go There,0.523,0.939,8,-3.311,0.0454,0.000754,0,0.0406,0.788,160.019,174360,2013-11-25
49,One Direction,Does He Know?,0.675,0.874,3,-4.268,0.0494,0.085,0,0.0573,0.673,139.021,179413,2013-11-25
50,One Direction,Alive,0.6,0.895,1,-5.807,0.0468,0.001,0,0.145,0.383,129.987,161333,2013-11-25
51,One Direction,Half a Heart,0.515,0.714,0,-4.516,0.0348,0.286,0,0.118,0.495,155.954,188547,2013-11-25
52,One Direction,Live While We're Young,0.658,0.837,2,-2.063,0.0543,0.0629,0,0.0969,0.936,126.015,200187,2012-11-09
53,One Direction,Kiss You,0.63,0.934,4,-2.559,0.0589,0.0186,0,0.324,0.905,89.992,182960,2012-11-09
54,One Direction,Little Things,0.707,0.222,7,-11.716,0.0329,0.788,0,0.205,0.556,110.095,219640,2012-11-09
55,One Direction,"C'mon, C'mon",0.64,0.941,5,-4.008,0.0893,0.0123,0,0.305,0.761,142.905,164880,2012-11-09
56,One Direction,Last First Kiss,0.531,0.811,4,-2.556,0.0426,0.0563,0,0.272,0.484,82.14,203347,2012-11-09
57,One Direction,Heart Attack,0.43,0.824,9,-4.781,0.0696,0.0135,0,0.109,0.63,99.016,176067,2012-11-09
58,One Direction,Rock Me,0.503,0.917,8,-3.595,0.055,0.0354,0,0.28,0.79,168.018,200040,2012-11-09
59,One Direction,Change My Mind,0.592,0.619,2,-5.205,0.0279,0.0519,0,0.103,0.517,117.021,212520,2012-11-09
60,One Direction,I Would,0.72,0.711,4,-5.962,0.0508,0.00768,0,0.243,0.596,126.452,202200,2012-11-09
61,One Direction,Over Again,0.545,0.556,2,-6.753,0.062,0.308,0,0.131,0.55,149.913,182200,2012-11-09
62,One Direction,Back For You,0.567,0.918,2,-2.57,0.0723,0.0183,0,0.111,0.563,160.036,178373,2012-11-09
63,One Direction,They Don't Know About Us,0.512,0.754,0,-6.031,0.0549,0.135,0,0.0881,0.336,147.89,201693,2012-11-09
64,One Direction,Summer Love,0.499,0.593,9,-5.38,0.031,0.355,0,0.391,0.286,122.025,208200,2012-11-09
65,One Direction,She's Not Afraid,0.486,0.918,8,-4.002,0.126,0.00908,0,0.171,0.849,167.635,190720,2012-11-09
66,One Direction,Loved You First,0.696,0.892,2,-4.826,0.0583,0.0598,0,0.419,0.79,124.016,185280,2012-11-09
67,One Direction,Nobody Compares,0.657,0.809,11,-3.982,0.0347,0.00709,0,0.0452,0.859,124.009,211293,2012-11-09
68,One Direction,Still The One,0.616,0.983,1,-2.287,0.0718,0.013,0,0.384,0.769,141.998,182813,2012-11-09
69,One Direction,Truly Madly Deeply,0.671,0.389,0,-8.011,0.0314,0.543,0,0.223,0.537,113.054,180067,2013-05-22
70,One Direction,Magic,0.644,0.852,11,-3.763,0.0427,0.0111,0,0.0749,0.862,134.024,184000,2013-05-22
19,One Direction,Irresistible,0.536,0.488,7,-8.938,0.0244,0.0346,0,0.113,0.263,87.987,236853,2013-05-22
19,One Direction,Live While We're Young - Dave Aude Remix,0.565,0.888,11,-4.443,0.0823,0.00934,0,0.154,0.755,127.958,195733,2013-05-22
19,One Direction,Kiss You - Sharoque Remix,0.681,0.793,1,-6.248,0.0936,0.00464,0,0.361,0.566,127.975,263280,2013-05-22
19,One Direction,What Makes You Beautiful,0.696,0.831,4,-1.395,0.0684,0.00535,0,0.0665,0.832,124.993,198840,2012-05-25
19,One Direction,Gotta Be You,0.548,0.68,8,-2.816,0.0254,0.258,0,0.0618,0.565,85.002,244840,2012-05-25
19,One Direction,One Thing,0.713,0.724,2,-3.769,0.0282,0.00215,0,0.0636,0.653,126.992,197187,2012-05-25
19,One Direction,More Than This,0.495,0.723,0,-4.461,0.0309,0.062,0,0.268,0.238,151.836,228693,2012-05-25
19,One Direction,Up All Night,0.602,0.924,0,-2.168,0.0554,0.0255,0,0.478,0.576,139.06,192533,2012-05-25
19,One Direction,I Wish,0.62,0.858,7,-3.149,0.0336,0.00868,0,0.114,0.274,124.057,215293,2012-05-25
19,One Direction,Tell Me a Lie,0.558,0.904,7,-4.707,0.0534,0.000126,1e-05,0.37,0.617,133.963,195907,2012-05-25
19,One Direction,Taken,0.507,0.862,2,-5.218,0.031,0.00424,0,0.574,0.618,95.035,235560,2012-05-25
19,One Direction,I Want,0.676,0.809,2,-2.8,0.0374,0.0175,0,0.148,0.489,128.079,171307,2012-05-25
19,One Direction,Everything About You,0.639,0.813,7,-3.579,0.0361,0.0128,0,0.11,0.79,130.051,215800,2012-05-25
19,One Direction,Same Mistakes,0.476,0.678,8,-5.418,0.0257,0.00617,0,0.278,0.171,89.999,217053,2012-05-25
19,One Direction,Save You Tonight,0.605,0.867,2,-4.219,0.0614,0.00615,0,0.272,0.436,128.013,204280,2012-05-25
19,One Direction,Stole My Heart,0.682,0.891,7,-4.392,0.0388,0.0738,0,0.337,0.64,126.985,205133,2012-05-25
19,One Direction,Stand Up,0.582,0.902,4,-3.647,0.0622,0.00662,0,0.19,0.91,124.993,173440,2012-05-25
19,One Direction,Moments,0.475,0.743,2,-4.955,0.0497,0.0309,0,0.294,0.247,149.936,262173,2012-05-25
19,One Direction,Another World,0.54,0.86,8,-2.424,0.0508,0.000478,0,0.214,0.585,127.927,203707,2012-05-25
19,One Direction,Na Na Na,0.582,0.903,11,-2.155,0.0576,0.0191,0,0.374,0.639,144.973,185653,2012-05-25
19,One Direction,I Should Have Kissed You,0.495,0.966,3,-2.284,0.114,0.017,0,0.606,0.553,139.931,215933,2012-05-25
19,One Direction,Perfect - Stripped,0.704,0.468,2,-6.218,0.0359,0.514,0,0.103,0.278,100.084,231680,2015-10-22
19,One Direction,Home,0.42,0.867,9,-5.397,0.0859,0.0115,0,0.0851,0.628,78.814,194907,2015-10-22
19,One Direction,Perfect (feat. Matoma) - Matoma Remix,0.728,0.7,2,-4.884,0.0374,0.0342,0,0.191,0.474,100.025,223827,2015-10-22
19,One Direction,Drag Me Down (feat. LunchMoney Lewis) - Big Payno x AFTERHRS Remix,0.708,0.725,0,-4.386,0.0893,0.0496,0,0.0724,0.357,138.04,188613,2015-10-22
19,Lady Gaga,Intro,0.232,0.925,9,-19.327,0.329,0.908,0.576,0.835,0.0426,101.225,20413,2018-10-05
19,Lady Gaga,Black Eyes,0.373,0.937,11,-2.133,0.0834,0.000811,6.37e-05,0.815,0.46,150.242,183773,2018-10-05
19,Lady Gaga,Somewhere Over The Rainbow - Dialogue,0.283,0.22,5,-22.951,0.443,0.953,2.35e-06,0.79,0.334,150.884,42040,2018-10-05
19,Lady Gaga,Fabulous French - Dialogue,0.514,0.7,7,-11.251,0.724,0.807,0,0.796,0.863,101.59,19493,2018-10-05
19,Lady Gaga,La Vie En Rose,0.276,0.405,8,-7.296,0.0329,0.758,0,0.706,0.335,76.18,179760,2018-10-05
19,Lady Gaga,I'll Wait For You - Dialogue,0.718,0.128,6,-21.699,0.877,0.858,0,0.437,0.648,116.575,19133,2018-10-05
19,Lady Gaga,Maybe It's Time,0.699,0.282,7,-7.65,0.0374,0.798,1.23e-06,0.0981,0.359,79.776,159293,2018-10-05
19,Lady Gaga,Parking Lot - Dialogue,0.535,0.384,8,-21.937,0.814,0.766,0,0.253,0.386,133.153,31427,2018-10-05
19,Lady Gaga,Out Of Time,0.584,0.915,0,-7.339,0.0579,0.173,0.822,0.842,0.359,99.983,172320,2018-10-05
19,Lady Gaga,Alibi,0.285,0.787,9,-3.641,0.036,0.0145,0.00043,0.817,0.636,175.693,183227,2018-10-05
19,Lady Gaga,Trust Me - Dialogue,0.423,0.545,0,-14.211,0.508,0.895,6.25e-05,0.96,0.832,90.836,32333,2018-10-05
19,Lady Gaga,Shallow,0.578,0.385,7,-6.307,0.0294,0.351,0,0.285,0.341,95.905,215733,2018-10-05
19,Lady Gaga,"First Stop, Arizona - Dialogue",0,0.244,6,-22.876,0,0.815,0,0.231,0,0,10773,2018-10-05
19,Lady Gaga,Music To My Eyes,0.625,0.356,2,-9.044,0.0319,0.392,0.00129,0.1,0.325,114.805,199200,2018-10-05
19,Lady Gaga,Diggin' My Grave,0.684,0.612,9,-4.653,0.0287,0.171,1.53e-05,0.103,0.561,93.964,237307,2018-10-05
19,Lady Gaga,I Love You - Dialogue,0.394,0.979,6,-13.121,0.518,0.755,2.54e-06,0.993,0.176,113.687,19467,2018-10-05
19,Lady Gaga,Always Remember Us This Way,0.553,0.502,0,-5.972,0.0409,0.299,0,0.764,0.296,129.976,210200,2018-10-05
19,Lady Gaga,Unbelievable - Dialogue,0.545,0.468,6,-12.864,0.47,0.691,0,0.428,0.826,96.938,28813,2018-10-05
19,Lady Gaga,How Do You Hear It? - Dialogue,0,0.14,9,-21.366,0,0.621,1.22e-06,0.359,0,0,14493,2018-10-05
19,Lady Gaga,Look What I Found,0.849,0.493,1,-4.1,0.0417,0.456,0.000463,0.133,0.447,97.012,175240,2018-10-05
19,Lady Gaga,Memphis - Dialogue,0.643,0.15,11,-21.69,0.95,0.435,0,0.379,0.89,156.081,24480,2018-10-05
19,Lady Gaga,Heal Me,0.606,0.544,9,-8.36,0.0593,0.0481,0,0.0916,0.456,86.013,196800,2018-10-05
19,Lady Gaga,I Don't Know What Love Is,0.421,0.535,0,-6.556,0.0288,0.348,0.000194,0.194,0.221,62.671,177293,2018-10-05
19,Lady Gaga,Vows - Dialogue,0.672,0.278,1,-23.368,0.96,0.731,0,0.309,0.193,91.748,17947,2018-10-05
19,Lady Gaga,Is That Alright?,0.557,0.279,6,-7.757,0.0372,0.868,1.25e-05,0.0978,0.263,102.727,191280,2018-10-05
19,Lady Gaga,SNL - Dialogue,0,0.0595,11,-20.556,0,0.342,0,0.514,0,0,13147,2018-10-05
19,Lady Gaga,Why Did You Do That?,0.792,0.548,11,-5.484,0.0582,0.0304,9.94e-06,0.339,0.445,116.008,184960,2018-10-05
19,Lady Gaga,Hair Body Face,0.863,0.457,4,-6.422,0.0526,0.0103,5.32e-05,0.109,0.401,115.009,202640,2018-10-05
19,Lady Gaga,Scene 98 - Dialogue,0.728,0.139,7,-20.819,0.933,0.546,0,0.569,0.562,65.859,35227,2018-10-05
19,Lady Gaga,Before I Cry,0.48,0.56,2,-5.196,0.0373,0.157,0,0.168,0.167,146.41,258547,2018-10-05
19,Lady Gaga,Too Far Gone,0.565,0.482,7,-6.621,0.0251,0.0385,1.98e-05,0.107,0.342,67.479,86160,2018-10-05
19,Lady Gaga,Twelve Notes - Dialogue,0.494,0.227,11,-25.372,0.717,0.131,7.67e-05,0.728,0.622,82.737,63707,2018-10-05
19,Lady Gaga,I'll Never Love Again - Film Version,0.451,0.343,7,-7.45,0.0313,0.783,4e-06,0.133,0.26,111.35,281067,2018-10-05
19,Lady Gaga,I'll Never Love Again - Extended Version,0.414,0.365,7,-6.074,0.0301,0.71,4.06e-06,0.107,0.208,109.523,328880,2018-10-05
19,Lady Gaga,Trust Me,0.354,0.578,6,-14.301,0.595,0.855,1.02e-05,0.955,0.91,97.961,31360,2018-10-05
19,Lady Gaga,Scene 98,0.745,0.154,9,-19.151,0.817,0.574,0,0.632,0.482,119.075,34240,2018-10-05
19,Lady Gaga,Shallow - Radio Edit,0.575,0.33,7,-6.557,0.031,0.416,0,0.0872,0.277,95.801,217213,2018-10-05
19,Lady Gaga,I'll Never Love Again - Film Version - Radio Edit,0.45,0.335,7,-7.464,0.0298,0.785,1.25e-06,0.0979,0.25,109.908,281235,2018-10-05
19,Lady Gaga,I'll Never Love - Extended Version - Radio Edit,0.403,0.356,7,-6.173,0.0287,0.712,2.04e-06,0.109,0.194,108.989,328016,2018-10-05
19,Lady Gaga,Diamond Heart,0.661,0.601,3,-5.448,0.0776,0.0614,1.06e-06,0.12,0.369,127.713,210600,2016-10-21
19,Lady Gaga,A-YO,0.666,0.889,7,-5.699,0.144,0.0987,0,0.0965,0.916,149.959,207720,2016-10-21
19,Lady Gaga,Joanne,0.549,0.414,7,-8.453,0.0273,0.146,0,0.0998,0.404,149.746,196907,2016-10-21
19,Lady Gaga,John Wayne,0.61,0.667,11,-5.825,0.0314,0.00131,0.00018,0.34,0.51,96.954,174307,2016-10-21
19,Lady Gaga,Dancin' In Circles,0.635,0.718,0,-7.775,0.119,0.0304,0.000383,0.233,0.787,171.915,207173,2016-10-21
19,Lady Gaga,Perfect Illusion,0.613,0.857,1,-5.492,0.0366,0.0012,0,0.358,0.664,124.987,182000,2016-10-21
19,Lady Gaga,Million Reasons,0.666,0.423,0,-8.012,0.043,0.494,0,0.106,0.154,129.89,205280,2016-10-21
19,Lady Gaga,Sinner's Prayer,0.599,0.712,7,-7.316,0.0458,0.239,0.000302,0.172,0.721,92.186,223387,2016-10-21
19,Lady Gaga,Come To Mama,0.57,0.867,0,-5.769,0.0542,0.0134,0,0.131,0.546,119.962,254773,2016-10-21
19,Lady Gaga,Hey Girl,0.754,0.451,10,-7.882,0.038,0.0562,6.5e-06,0.0688,0.622,138.024,255413,2016-10-21
19,Lady Gaga,Angel Down,0.294,0.321,9,-11.251,0.0317,0.8,0,0.109,0.0669,107.472,229147,2016-10-21
19,Lady Gaga,Grigio Girls,0.727,0.503,1,-9.306,0.057,0.394,0,0.695,0.536,127.799,180467,2016-10-21
19,Lady Gaga,Just Another Day,0.624,0.437,9,-8.91,0.0319,0.125,0,0.105,0.693,166.882,178000,2016-10-21
19,Lady Gaga,Angel Down - Work Tape,0.636,0.237,0,-8.233,0.0322,0.569,0,0.114,0.213,111.817,139827,2016-10-21
19,Lady Gaga,Anything Goes,0.516,0.62,0,-5.68,0.0804,0.614,0,0.0805,0.749,152.214,123840,2014-09-23
19,Lady Gaga,Cheek To Cheek,0.589,0.435,0,-8.443,0.0786,0.818,0,0.141,0.539,94.06,170573,2014-09-23
19,Lady Gaga,Don't Wait Too Long,0.299,0.281,0,-12.246,0.0304,0.824,0.000178,0.116,0.354,89.9,156267,2014-09-23
19,Lady Gaga,I Can't Give You Anything But Love,0.564,0.542,2,-7.217,0.0376,0.571,0.000299,0.31,0.541,62.252,193480,2014-09-23
19,Lady Gaga,Nature Boy,0.294,0.261,10,-11.211,0.0301,0.946,0.00955,0.0941,0.288,135.362,248507,2014-09-23
19,Lady Gaga,Goody Goody,0.474,0.671,7,-8.264,0.187,0.701,0,0.226,0.515,195.628,131827,2014-09-23
19,Lady Gaga,Ev'ry Time We Say Goodbye,0.389,0.129,7,-13.324,0.0324,0.963,4.93e-06,0.12,0.185,88.381,190293,2014-09-23
19,Lady Gaga,Firefly,0.574,0.566,2,-6.162,0.0976,0.604,0,0.0833,0.661,92.186,117573,2014-09-23
19,Lady Gaga,I Won't Dance,0.569,0.488,3,-6.772,0.0477,0.709,1.74e-06,0.0948,0.656,127.744,236680,2014-09-23
19,Lady Gaga,They All Laughed,0.648,0.558,9,-6.947,0.0681,0.783,0,0.212,0.929,89.376,108560,2014-09-23
19,Lady Gaga,Lush Life,0.281,0.163,3,-10.529,0.0382,0.933,0,0.111,0.122,171.755,254707,2014-09-23
19,Lady Gaga,Sophisticated Lady,0.449,0.184,4,-12.156,0.0346,0.975,2.24e-05,0.125,0.191,138.475,229453,2014-09-23
19,Lady Gaga,Let's Face The Music And Dance,0.515,0.645,2,-6.749,0.0518,0.702,2.26e-05,0.387,0.676,120.828,126760,2014-09-23
19,Lady Gaga,But Beautiful,0.193,0.185,7,-12.256,0.0293,0.937,0.00499,0.118,0.137,88.157,244040,2014-09-23
19,Lady Gaga,It Don't Mean A Thing (If It Ain't Got That Swing),0.546,0.781,5,-5.988,0.063,0.83,0.0139,0.296,0.869,116.822,143747,2014-09-23
19,Lady Gaga,On A Clear Day (You Can See Forever),0.508,0.553,3,-7.314,0.0437,0.727,5.15e-06,0.108,0.663,133.166,154067,2014-09-23
19,Lady Gaga,"Bewitched, Bothered And Bewildered - Live From Jazz At Lincoln Center",0.447,0.329,2,-7.92,0.0593,0.809,0,0.183,0.352,108.383,187387,2014-09-23
19,Lady Gaga,Aura,0.708,0.821,1,-4.911,0.0642,0.0256,2.98e-06,0.173,0.35,129.979,235747,2013-11-11
19,Lady Gaga,Venus,0.807,0.896,5,-4.311,0.0571,0.0267,0,0.099,0.761,121.008,233707,2013-11-11
19,Lady Gaga,G.U.Y.,0.616,0.92,5,-3.487,0.04,0.0133,0,0.122,0.521,110.004,232627,2013-11-11
19,Lady Gaga,Sexxx Dreams,0.674,0.715,8,-4.337,0.0493,0.0281,0,0.0894,0.381,113.942,214640,2013-11-11
19,Lady Gaga,Jewels N' Drugs,0.737,0.893,2,-4.151,0.0687,0.00313,0,0.245,0.534,136.039,228040,2013-11-11
19,Lady Gaga,MANiCURE,0.667,0.912,6,-3.218,0.044,0.00154,1.17e-06,0.792,0.867,138.084,199787,2013-11-11
19,Lady Gaga,ARTPOP,0.747,0.667,0,-4.379,0.0544,0.000972,8.47e-06,0.0718,0.459,117.031,247520,2013-11-11
19,Lady Gaga,Swine,0.497,0.867,0,-3.671,0.197,0.00606,4.43e-05,0.628,0.206,127.89,268600,2013-11-11
19,Lady Gaga,Donatella,0.696,0.818,9,-4.92,0.238,0.0128,0,0.425,0.671,124.981,264960,2013-11-11
19,Lady Gaga,Fashion!,0.606,0.799,4,-4.737,0.0485,0.00286,0,0.118,0.501,116.991,239853,2013-11-11
19,Lady Gaga,Mary Jane Holland,0.481,0.968,4,-4.632,0.233,0.0144,0,0.358,0.203,102.025,277800,2013-11-11
19,Fifth Harmony,Dope,0.719,0.519,0,-6.545,0.0494,0.13,0,0.0833,0.122,90.995,212627,2016-05-27
19,Lady Gaga,Gypsy,0.564,0.745,0,-4.333,0.0403,0.0124,0,0.146,0.358,133.901,248707,2013-11-11
19,Lady Gaga,Applause,0.669,0.78,7,-4.287,0.053,0.0265,1.63e-06,0.143,0.738,139.945,212333,2013-11-11
19,Lady Gaga,Applause - Empire Of The Sun Remix,0.567,0.864,7,-5.475,0.0385,0.000891,0.000358,0.298,0.675,127.918,248280,2013-11-11
19,Lady Gaga,X Dreams,0.666,0.718,8,-4.506,0.0555,0.0235,0,0.123,0.373,113.957,214680,2013-11-11
19,Lady Gaga,Jewels N' *****,0.734,0.898,2,-4.125,0.0848,0.00298,0,0.23,0.542,136.073,228040,2013-11-11
19,Lady Gaga,Marry The Night,0.611,0.878,0,-4.424,0.0589,0.00108,0.00424,0.41,0.376,131.023,264520,2011-05-23
19,Lady Gaga,Born This Way,0.587,0.828,11,-5.105,0.149,0.00364,0,0.327,0.519,123.884,260253,2011-05-23
19,Lady Gaga,Government Hooker,0.671,0.804,7,-6.765,0.0364,0.000188,0.0598,0.698,0.5,119.983,254267,2011-05-23
19,Lady Gaga,Judas,0.661,0.936,10,-3.832,0.0744,0.000959,1.45e-05,0.36,0.558,130.998,249067,2011-05-23
19,Lady Gaga,Americano,0.608,0.841,1,-5.072,0.0328,0.00062,7.18e-06,0.506,0.332,127.982,246480,2011-05-23
19,Little Mix,Hair,0.697,0.841,7,-4.339,0.0399,0.00857,4.41e-05,0.661,0.697,153.982,209280,2015-11-06
19,Lady Gaga,ScheiBe,0.739,0.97,5,-4.885,0.118,0.0049,1.06e-06,0.273,0.519,131.003,225467,2011-05-23
19,Lady Gaga,Bloody Mary,0.584,0.639,9,-6.411,0.0302,0.0137,2.63e-06,0.082,0.447,99.973,244760,2011-05-23
19,Lady Gaga,Black Jesus + Amen Fashion,0.695,0.875,2,-4.319,0.0567,0.00841,0.0222,0.653,0.353,120.043,216293,2011-05-23
19,Lady Gaga,Bad Kids,0.676,0.749,1,-6.209,0.0296,3.76e-05,0.00328,0.0813,0.43,120.003,230947,2011-05-23
19,Lady Gaga,Fashion Of His Love,0.647,0.947,9,-4.707,0.0483,0.000552,0,0.0864,0.355,123.061,219107,2011-05-23
19,Lady Gaga,Highway Unicorn (Road To Love),0.559,0.776,0,-6.691,0.0361,0.00028,2.35e-05,0.56,0.292,127.976,255747,2011-05-23
19,Lady Gaga,Heavy Metal Lover,0.596,0.644,1,-8.475,0.0598,8.11e-05,0.208,0.184,0.69,115.958,252560,2011-05-23
19,Lady Gaga,Electric Chapel,0.681,0.917,9,-4.516,0.0387,0.00156,0.00264,0.281,0.822,128.031,253227,2011-05-23
19,Lady Gaga,The Queen,0.368,0.833,6,-5.869,0.0464,0.000154,0.00651,0.0545,0.482,143.982,316520,2011-05-23
19,Lady Gaga,You And I,0.521,0.701,2,-5.238,0.0458,0.0892,0,0.0876,0.518,127.087,307360,2011-05-23
19,Lady Gaga,The Edge Of Glory,0.581,0.774,9,-6.547,0.0399,0.000334,0.0174,0.109,0.358,127.952,321173,2011-05-23
19,Lady Gaga,Born This Way - The Country Road Version,0.566,0.594,11,-6.161,0.0301,0.0736,0,0.174,0.496,123.945,261480,2011-05-23
19,Lady Gaga,Judas - DJ White Shadow Remix,0.78,0.473,1,-7.818,0.0385,0.00203,0.422,0.0959,0.213,130.998,247480,2011-05-23
19,Lady Gaga,Marry The Night - Zedd Remix,0.632,0.827,9,-5.983,0.105,0.00379,0.0043,0.283,0.341,131.007,260573,2011-05-23
19,Lady Gaga,Scheiße - DJ White Shadow Mugler,0.704,0.803,5,-6.719,0.0618,0.026,2.48e-05,0.774,0.299,131.013,575240,2011-05-23
19,Lady Gaga,Fashion Of His Love - Fernando Garibay Remix,0.607,0.813,9,-6.051,0.0539,7.83e-05,1.2e-05,0.209,0.526,122.988,225307,2011-05-23
19,Lady Gaga,Born This Way - Jost & Naaf Remix,0.572,0.915,1,-4.006,0.0883,1.67e-05,0.00698,0.321,0.752,123.945,358707,2011-05-23
19,Lady Gaga,Scheiße,0.728,0.97,5,-4.884,0.102,0.00485,0,0.288,0.527,131.06,225467,2011-05-23
19,Lady Gaga,Yoü And I,0.502,0.711,2,-5.234,0.0496,0.0746,0,0.0932,0.526,127.176,307347,2011-05-23
19,Bruno Mars,24K Magic,0.818,0.803,1,-4.282,0.0797,0.034,0,0.153,0.632,106.97,225983,2016-11-17
19,Bruno Mars,Chunky,0.571,0.539,5,-4.446,0.116,0.0208,0,0.125,0.727,202.103,186973,2016-11-17
19,Bruno Mars,Perm,0.853,0.871,8,-3.715,0.0851,0.0145,6.84e-05,0.198,0.863,124.021,210053,2016-11-17
19,Bruno Mars,That's What I Like,0.853,0.56,1,-4.961,0.0406,0.013,0,0.0944,0.86,134.066,206693,2016-11-17
19,Bruno Mars,Versace on the Floor,0.578,0.574,2,-6.209,0.0454,0.196,0,0.083,0.301,174.152,261240,2016-11-17
19,Bruno Mars,Straight up & Down,0.552,0.733,3,-6.898,0.0933,0.0209,0,0.0858,0.643,143.56,198187,2016-11-17
19,Bruno Mars,Calling All My Lovelies,0.662,0.705,1,-6.56,0.0399,0.0392,2.38e-06,0.105,0.865,159.996,250080,2016-11-17
19,Bruno Mars,Finesse,0.741,0.798,5,-5.342,0.0718,0.00781,0,0.0232,0.939,104.953,191000,2016-11-17
19,Bruno Mars,Too Good to Say Goodbye,0.587,0.63,2,-6.054,0.0311,0.0389,0,0.35,0.433,76.97,281827,2016-11-17
19,Bruno Mars,Young Girls,0.562,0.748,6,-4.811,0.0318,0.458,3.27e-06,0.121,0.56,125.967,228720,2012-12-05
19,Bruno Mars,Locked out of Heaven,0.728,0.697,5,-4.125,0.0456,0.0556,0,0.282,0.87,143.986,233653,2012-12-05
19,Bruno Mars,Gorilla,0.721,0.547,7,-6.539,0.0367,0.469,1.17e-05,0.0969,0.667,139.99,244493,2012-12-05
19,Bruno Mars,Treasure,0.874,0.687,5,-5.253,0.0426,0.034,7.59e-05,0.324,0.92,116.054,178560,2012-12-05
19,Bruno Mars,Moonshine,0.706,0.773,2,-4.383,0.0276,0.205,1.8e-05,0.0756,0.457,104.987,228573,2012-12-05
19,Bruno Mars,When I Was Your Man,0.601,0.271,0,-8.688,0.0403,0.937,0,0.144,0.411,145.494,213827,2012-12-05
19,Bruno Mars,Natalie,0.761,0.729,7,-6.539,0.0503,0.152,0,0.0696,0.667,111.994,225027,2012-12-05
19,Bruno Mars,Show Me,0.745,0.687,0,-5.7,0.0616,0.0536,0,0.207,0.539,77.979,207560,2012-12-05
19,Bruno Mars,Money Make Her Smile,0.755,0.664,0,-6.4,0.075,0.0945,3.89e-05,0.14,0.778,93.011,203973,2012-12-05
19,Bruno Mars,If I Knew,0.472,0.437,3,-5.739,0.0327,0.72,0,0.0858,0.442,175.797,132640,2012-12-05
19,Bruno Mars,Old & Crazy (feat. Esperanza Spalding),0.566,0.43,8,-10.464,0.278,0.443,0.00047,0.206,0.828,187.766,113080,2012-12-11
19,Bruno Mars,Young Girls - Demo,0.631,0.337,9,-8.624,0.0312,0.862,0,0.374,0.489,125.909,218667,2012-12-11
19,Bruno Mars,Gorilla - Demo,0.631,0.435,7,-6.561,0.0308,0.752,0,0.0579,0.41,139.829,222747,2012-12-11
19,Bruno Mars,Moonshine - The Futuristics Remix,0.654,0.782,7,-4.924,0.0561,0.000188,0.00225,0.175,0.594,108.954,221907,2012-12-11
19,Bruno Mars,Locked out of Heaven - Major Lazer Remix,0.686,0.827,0,-4.063,0.0325,0.000509,1.24e-06,0.726,0.648,144.035,244147,2012-12-11
19,Bruno Mars,Grenade,0.706,0.558,2,-7.237,0.0593,0.146,0,0.118,0.227,110.443,223253,2010-10-05
19,Bruno Mars,Just the Way You Are,0.637,0.843,5,-5.413,0.0432,0.0151,0,0.0876,0.434,109.012,220733,2010-10-05
19,Bruno Mars,Our First Time,0.705,0.451,9,-8.221,0.0429,0.381,0,0.276,0.868,77.998,243013,2010-10-05
19,Bruno Mars,Runaway Baby,0.656,0.767,11,-3.038,0.0396,0.25,0,0.114,0.871,163.834,147747,2010-10-05
19,Bruno Mars,The Lazy Song,0.738,0.804,11,-3.851,0.0621,0.332,0,0.279,0.949,174.943,190213,2010-10-05
19,Bruno Mars,Marry You,0.62,0.832,10,-4.848,0.036,0.332,0,0.104,0.481,144.926,230120,2010-10-05
19,Bruno Mars,Talking to the Moon,0.523,0.606,1,-4.754,0.0301,0.512,0,0.106,0.065,145.837,217867,2010-10-05
19,Bruno Mars,Liquor Store Blues (feat. Damian Marley),0.691,0.824,1,-3.925,0.0731,0.11,0,0.353,0.685,75.516,229373,2010-10-05
19,Bruno Mars,Count on Me - EP Version,0.577,0.397,0,-5.98,0.028,0.84,0,0.0772,0.509,89.044,197373,2010-10-05
19,Bruno Mars,The Other Side (feat. CeeLo Green and B.o.B) - EP Version,0.559,0.807,5,-3.887,0.0304,0.117,4.46e-06,0.148,0.543,140.081,227760,2010-10-05
19,Bruno Mars,Somewhere in Brooklyn - EP Version,0.701,0.579,10,-5.673,0.0412,0.569,0,0.255,0.349,129.969,181653,2010-10-05
19,Bruno Mars,Talking to the Moon - Acoustic Piano Version,0.354,0.333,4,-6.423,0.0324,0.867,0,0.107,0.209,101.145,217773,2010-10-05
19,Bruno Mars,BLOW (with Chris Stapleton & Bruno Mars),0.631,0.796,1,-5.35,0.0401,0.000245,0.0115,0.38,0.596,92.469,209120,2019-07-05
19,Bruno Mars,Please Me,0.75,0.572,1,-6.69,0.0652,0.0565,0,0.0931,0.662,133.998,200890,2019-02-14
19,Bruno Mars,Wake Up in the Sky,0.8,0.605,4,-5.102,0.0477,0.00507,0,0.342,0.361,143.017,204664,2018-09-13
19,Bruno Mars,Finesse - James Hype Remix; feat. Cardi B,0.698,0.76,5,-5.798,0.106,0.28,3.63e-05,0.0577,0.793,122.877,235732,2018-03-23
19,Bruno Mars,Finesse - Pink Panda Remix; feat. Cardi B,0.752,0.888,5,-4.952,0.0828,0.0302,0,0.253,0.603,123.964,148064,2018-03-23
19,Bruno Mars,Finesse - Remix; feat. Cardi B,0.704,0.859,5,-4.877,0.0996,0.0185,0,0.0215,0.926,105.115,217289,2017-12-20
19,Bruno Mars,Versace on the Floor (Bruno Mars vs. David Guetta),0.747,0.701,2,-4.902,0.0429,0.108,0,0.0712,0.589,100.012,228300,2017-06-27
19,Bruno Mars,24K Magic - R3hab Remix,0.763,0.708,5,-5.692,0.209,0.146,0,0.33,0.566,106.175,158678,2017-05-26
19,Bruno Mars,That's What I Like (feat. Gucci Mane) - feat. Gucci Mane; Remix,0.854,0.564,1,-4.964,0.0485,0.0171,0,0.0849,0.899,134.071,234596,2017-04-21
19,Bruno Mars,That's What I Like - Alan Walker Remix,0.692,0.896,1,-4.017,0.0502,0.0121,6.59e-05,0.199,0.798,134.056,195889,2017-04-20
19,Bruno Mars,That's What I Like - BLVK JVCK Remix,0.755,0.736,1,-5.386,0.08,0.018,1.55e-06,0.2,0.875,134.044,225672,2017-04-18
19,Bruno Mars,That's What I Like - PARTYNEXTDOOR Remix,0.741,0.696,1,-5.341,0.0455,0.021,0,0.0921,0.86,134.032,206697,2017-04-18
19,The Weeknd,Alone Again,0.218,0.652,4,-7.953,0.0641,0.033,0.111,0.172,0.0599,65.375,250053,2020-03-20
19,The Weeknd,Too Late,0.638,0.863,4,-5.221,0.132,0.052,5.46e-05,0.685,0.226,120.077,239973,2020-03-20
19,The Weeknd,Hardest To Love,0.467,0.608,10,-7.847,0.0704,0.0909,8.83e-05,0.125,0.108,80.957,211400,2020-03-20
19,The Weeknd,Scared To Live,0.498,0.498,0,-8.24,0.0494,0.131,0,0.0929,0.196,88.085,191307,2020-03-20
19,The Weeknd,Snowchild,0.704,0.552,0,-7.648,0.0964,0.175,0.000169,0.123,0.279,148.044,247187,2020-03-20
19,The Weeknd,Escape From LA,0.41,0.482,5,-9.04,0.0427,0.062,0.00595,0.161,0.195,145.929,355960,2020-03-20
19,The Weeknd,Heartless,0.614,0.758,10,-5.434,0.0774,0.0281,1.18e-06,0.137,0.25,84.969,198267,2020-03-20
19,The Weeknd,Faith,0.457,0.578,0,-7.263,0.0629,0.614,0.0633,0.144,0.144,87.98,283227,2020-03-20
19,The Weeknd,Blinding Lights,0.515,0.731,1,-5.934,0.0592,0.00146,9.59e-05,0.0897,0.336,171.004,200040,2020-03-20
19,The Weeknd,In Your Eyes,0.667,0.719,7,-5.371,0.0346,0.00285,8.1e-05,0.0736,0.717,100.021,237520,2020-03-20
19,The Weeknd,Save Your Tears,0.68,0.826,0,-5.487,0.0309,0.0212,1.24e-05,0.543,0.644,118.051,215627,2020-03-20
19,The Weeknd,Repeat After Me (Interlude),0.315,0.616,0,-8.163,0.0329,0.0326,0.00247,0.105,0.118,94.987,195813,2020-03-20
19,The Weeknd,After Hours,0.665,0.572,5,-6.103,0.0303,0.0815,0.00615,0.121,0.139,108.973,361027,2020-03-20
19,The Weeknd,Until I Bleed Out,0.245,0.394,0,-9.887,0.0374,0.423,2.9e-05,0.093,0.148,115.233,190173,2020-03-20
19,The Weeknd,Nothing Compares - Bonus Track,0.524,0.577,1,-9.313,0.0358,0.00253,0.0443,0.234,0.0398,131.909,222307,2020-04-03
19,The Weeknd,Missed You - Bonus Track,0.716,0.364,5,-9.648,0.0866,0.107,9.23e-05,0.113,0.448,151.968,144540,2020-04-03
19,The Weeknd,Final Lullaby - Bonus Track,0.604,0.26,11,-10.498,0.0373,0.841,9.33e-05,0.327,0.317,100.964,185689,2020-04-03
19,The Weeknd,Call Out My Name,0.462,0.595,1,-4.941,0.0355,0.168,0,0.299,0.171,134.173,228373,2018-03-30
19,The Weeknd,Try Me,0.448,0.679,8,-5.777,0.0655,0.596,0.00062,0.129,0.107,91.821,221107,2018-03-30
19,The Weeknd,Wasted Times,0.557,0.675,10,-6.163,0.0611,0.602,1.52e-05,0.11,0.267,122.607,220293,2018-03-30
19,The Weeknd,I Was Never There,0.324,0.738,10,-4.008,0.0337,0.137,0.000157,0.164,0.156,113.425,241067,2018-03-30
19,The Weeknd,Hurt You,0.479,0.721,5,-7.23,0.0876,0.249,0.00372,0.111,0.388,183.908,230027,2018-03-30
19,The Weeknd,Privilege,0.388,0.566,11,-7.037,0.0353,0.922,0.00617,0.135,0.377,94.039,170573,2018-03-30
19,The Weeknd,Call Out My Name - A Cappella,0.397,0.339,1,-6.688,0.0361,0.887,0,0.306,0.459,135.089,224747,2018-03-30
19,The Weeknd,Starboy,0.677,0.592,7,-7.108,0.281,0.134,3.86e-06,0.175,0.528,186.038,230453,2016-11-24
19,The Weeknd,Party Monster,0.588,0.635,1,-8.417,0.0531,0.191,1.24e-05,0.259,0.208,77.486,249213,2016-11-24
19,The Weeknd,False Alarm,0.518,0.676,8,-6.373,0.0744,0.0324,3.62e-05,0.189,0.197,173.998,220307,2016-11-24
19,The Weeknd,Reminder,0.744,0.496,8,-6.931,0.0804,0.16,1.72e-06,0.164,0.446,80.031,218880,2016-11-24
19,The Weeknd,Rockin’,0.736,0.883,9,-5.595,0.214,0.0117,0,0.0734,0.797,112.92,232880,2016-11-24
19,The Weeknd,Secrets,0.665,0.771,0,-5.779,0.0533,0.0155,9.6e-06,0.46,0.764,109.948,265600,2016-11-24
19,The Weeknd,True Colors,0.616,0.424,1,-8.237,0.251,0.284,0,0.173,0.582,76.676,206027,2016-11-24
19,The Weeknd,Stargirl Interlude,0.715,0.47,5,-12.638,0.0772,0.353,0.0923,0.104,0.426,89.965,111627,2016-11-24
19,The Weeknd,Sidewalks,0.536,0.721,1,-5.144,0.0649,0.15,0,0.348,0.612,149.839,231360,2016-11-24
19,The Weeknd,Six Feet Under,0.776,0.483,6,-8.262,0.0784,0.121,0,0.118,0.24,140.005,237573,2016-11-24
19,The Weeknd,Love To Lay,0.711,0.807,7,-5.053,0.0608,0.0519,0,0.214,0.699,116.971,223293,2016-11-24
19,The Weeknd,A Lonely Night,0.853,0.663,7,-6.955,0.0755,0.0431,8.65e-06,0.0891,0.864,113.999,220173,2016-11-24
19,The Weeknd,Attention,0.668,0.435,4,-7.115,0.117,0.726,8.17e-05,0.117,0.361,148.069,197653,2016-11-24
19,The Weeknd,Ordinary Life,0.544,0.586,7,-7.486,0.0794,0.0276,0,0.0962,0.361,149.882,221920,2016-11-24
19,The Weeknd,Nothing Without You,0.599,0.635,1,-8.101,0.0679,0.064,0,0.0878,0.194,109.919,198653,2016-11-24
19,The Weeknd,All I Know,0.636,0.402,8,-10.746,0.0559,0.461,0.00112,0.101,0.194,120.02,321027,2016-11-24
19,The Weeknd,Die For You,0.586,0.525,1,-7.163,0.0615,0.111,0,0.134,0.508,133.629,260253,2016-11-24
19,The Weeknd,I Feel It Coming,0.773,0.819,0,-5.946,0.118,0.426,0,0.0679,0.585,92.99,269187,2016-11-24
19,The Weeknd,Real Life,0.58,0.653,11,-5.04,0.0506,0.438,0,0.351,0.346,90.726,223347,2015-08-28
19,The Weeknd,Losers,0.661,0.483,0,-9.793,0.0496,0.0309,0.000801,0.507,0.296,90.994,281173,2015-08-28
19,The Weeknd,Tell Your Friends,0.577,0.43,1,-11.294,0.0423,0.218,0,0.162,0.299,74.52,334320,2015-08-28
19,The Weeknd,Often,0.503,0.565,5,-10.097,0.0503,0.26,0,0.116,0.0737,67.035,249093,2015-08-28
19,The Weeknd,The Hills,0.57,0.564,0,-7.108,0.0627,0.0743,2.5e-06,0.135,0.143,112.892,242240,2015-08-28
19,The Weeknd,Acquainted,0.383,0.502,7,-9.892,0.053,0.436,0,0.0996,0.251,105.474,348827,2015-08-28
19,The Weeknd,Can't Feel My Face,0.705,0.769,9,-5.526,0.0426,0.112,0,0.105,0.59,107.939,213520,2015-08-28
19,The Weeknd,Shameless,0.608,0.552,6,-8.474,0.0269,0.134,0,0.102,0.267,100.062,253507,2015-08-28
19,The Weeknd,Earned It (Fifty Shades Of Grey),0.647,0.291,2,-8.275,0.0363,0.408,0,0.0771,0.4,119.839,277680,2015-08-28
19,The Weeknd,In The Night,0.505,0.68,7,-4.99,0.0713,0.0796,0,0.0465,0.539,168.021,235653,2015-08-28
19,The Weeknd,As You Are,0.371,0.329,0,-9.667,0.0574,0.131,0.00625,0.279,0.0539,173.661,340493,2015-08-28
19,The Weeknd,Dark Times,0.501,0.403,9,-9.607,0.0752,0.114,1.1e-05,0.124,0.27,132.608,260640,2015-08-28
19,The Weeknd,Prisoner,0.55,0.404,0,-12.755,0.0398,0.441,0.00022,0.11,0.329,135.016,274960,2015-08-28
19,Fifth Harmony,Angel,0.735,0.533,1,-6.338,0.0369,0.00347,0,0.354,0.155,123.957,189440,2017-08-25
19,The Weeknd,Can't Feel My Face - Martin Garrix Remix,0.605,0.714,9,-5.432,0.101,0.0104,2.35e-05,0.324,0.136,128.025,253933,2016-03-16
19,The Weeknd,The Hills - Remix,0.409,0.602,0,-7.025,0.108,0.0974,0,0.107,0.186,110.463,243493,2016-03-16
19,The Weeknd,Professional,0.405,0.619,11,-8.92,0.0615,0.162,0.000334,0.0788,0.234,120.092,368720,2013-01-01
19,The Weeknd,The Town,0.625,0.524,1,-8.227,0.0369,0.361,2.67e-06,0.0826,0.191,139.968,307347,2013-01-01
19,The Weeknd,Adaptation,0.642,0.79,11,-6.8,0.0681,0.151,0.000583,0.305,0.613,114.96,283933,2013-01-01
19,The Weeknd,Love In The Sky,0.634,0.735,9,-6.906,0.0513,0.196,0.000508,0.637,0.366,115.049,267920,2013-01-01
19,The Weeknd,Belong To The World,0.501,0.858,5,-6.27,0.0578,0.00392,0,0.119,0.361,121.018,307147,2013-01-01
19,The Weeknd,Live For,0.572,0.671,9,-7.865,0.229,0.562,0,0.116,0.201,151.929,222693,2013-01-01
19,The Weeknd,Wanderlust,0.63,0.654,1,-5.253,0.0413,0.0671,0.194,0.0672,0.0774,115.956,306693,2013-01-01
19,The Weeknd,Kiss Land,0.212,0.847,7,-6.674,0.237,0.0446,0,0.0594,0.386,64.993,455387,2013-01-01
19,The Weeknd,Pretty,0.57,0.641,11,-7.708,0.0405,0.0306,3.24e-05,0.309,0.339,125.961,375400,2013-01-01
19,The Weeknd,Tears In The Rain,0.655,0.636,1,-7.811,0.0454,0.108,0.236,0.0846,0.184,160.01,444653,2013-01-01
19,The Weeknd,Odd Look,0.588,0.848,10,-5.869,0.0639,0.218,0,0.116,0.266,104.938,252493,2013-09-09
19,Katy Perry,Witness,0.569,0.614,6,-8.808,0.0566,0.0356,0.000175,0.106,0.122,119.764,250507,2017-06-09
19,Katy Perry,Hey Hey Hey,0.652,0.703,9,-5.632,0.0994,0.0516,0,0.0521,0.485,134.066,214960,2017-06-09
19,Katy Perry,Roulette,0.638,0.644,6,-4.5,0.0319,0.0132,1.37e-05,0.119,0.412,112.039,198680,2017-06-09
19,Katy Perry,Swish Swish,0.839,0.705,5,-5.194,0.0445,0.0184,1.77e-05,0.102,0.575,119.954,242520,2017-06-09
19,Katy Perry,Déjà Vu,0.636,0.607,9,-6.895,0.064,0.318,0.000751,0.094,0.165,120.063,197840,2017-06-09
19,Little Mix,Power,0.566,0.855,7,-4.016,0.211,0.0367,0.000162,0.181,0.513,172.977,247840,2016-11-23
19,Katy Perry,Mind Maze,0.574,0.474,7,-7.526,0.0564,0.514,2.51e-06,0.0848,0.23,120.042,248173,2017-06-09
19,Katy Perry,Miss You More,0.58,0.48,2,-8.075,0.0321,0.223,0,0.113,0.262,123.801,234280,2017-06-09
19,Katy Perry,Chained To The Rhythm,0.446,0.8,0,-5.404,0.174,0.0814,0,0.199,0.474,189.89,237733,2017-06-09
19,Katy Perry,Tsunami,0.586,0.561,0,-6.594,0.0825,0.0324,0,0.107,0.446,161.899,203133,2017-06-09
19,Katy Perry,Bon appétit,0.799,0.794,6,-5.834,0.0628,0.13,8.23e-05,0.221,0.524,106.031,227813,2017-06-09
19,Katy Perry,Bigger Than Me,0.701,0.675,6,-5.902,0.0406,0.0242,0,0.141,0.259,110.043,240760,2017-06-09
19,Katy Perry,Save As Draft,0.59,0.565,9,-7.231,0.0484,0.348,0,0.109,0.0519,131.76,228653,2017-06-09
19,Katy Perry,Pendulum,0.621,0.788,5,-5.642,0.0436,0.00302,0.000238,0.0311,0.607,94.004,240120,2017-06-09
19,Katy Perry,Into Me You See,0.415,0.253,5,-9.998,0.0361,0.816,0,0.0936,0.205,111.652,264400,2017-06-09
19,Katy Perry,Dance With The Devil,0.703,0.567,5,-6.378,0.0448,0.351,0.000107,0.143,0.247,134.004,229413,2017-06-09
19,Katy Perry,Roar,0.554,0.772,7,-4.821,0.0418,0.00487,6.6e-06,0.354,0.455,179.984,223546,2013-01-01
19,Katy Perry,Legendary Lovers,0.623,0.836,4,-4.788,0.0846,0.0224,0,0.078,0.386,126.025,224216,2013-01-01
19,Katy Perry,Birthday,0.719,0.674,11,-5.122,0.0681,0.0879,3.75e-06,0.112,0.843,125.98,215042,2013-01-01
19,Katy Perry,Walking On Air,0.631,0.908,6,-4.842,0.0391,0.00144,0,0.23,0.821,128.027,222449,2013-01-01
19,Katy Perry,Unconditionally,0.397,0.725,7,-4.862,0.043,0.00266,0,0.208,0.358,128.861,228879,2013-01-01
19,Katy Perry,Dark Horse,0.645,0.585,6,-6.122,0.0513,0.00314,0,0.165,0.353,131.931,215672,2013-01-01
19,Katy Perry,This Is How We Do,0.69,0.636,9,-6.028,0.0457,0.0203,0,0.147,0.8,96.0,204285,2013-01-01
19,Katy Perry,International Smile,0.514,0.817,4,-4.269,0.0482,0.0278,0,0.137,0.548,129.98,227821,2013-01-01
19,Katy Perry,Ghost,0.552,0.624,2,-5.372,0.0399,0.0364,0,0.123,0.338,124.99,203362,2013-01-01
19,Katy Perry,Love Me,0.576,0.626,1,-6.004,0.0445,0.384,0,0.108,0.431,142.912,232675,2013-01-01
19,Katy Perry,This Moment,0.774,0.769,7,-3.798,0.0929,0.118,0,0.0938,0.244,112.943,226598,2013-01-01
19,Katy Perry,Double Rainbow,0.618,0.645,0,-7.937,0.0617,0.27,0,0.0645,0.412,96.016,231631,2013-01-01
19,Katy Perry,By The Grace Of God,0.444,0.367,10,-7.987,0.0302,0.688,0,0.11,0.217,162.785,267476,2013-01-01
19,Katy Perry,Spiritual,0.624,0.748,0,-5.117,0.029,0.0635,2.28e-06,0.104,0.435,104.992,275889,2013-01-01
19,Katy Perry,It Takes Two,0.724,0.673,8,-4.348,0.0335,0.0951,0,0.0844,0.509,95.98,234504,2013-01-01
19,Katy Perry,Choose Your Battles,0.712,0.838,7,-5.912,0.0859,0.0246,1.01e-06,0.0646,0.281,104.014,267311,2013-01-01
19,Katy Perry,Teenage Dream,0.719,0.798,10,-4.582,0.0361,0.0162,2.34e-06,0.134,0.591,120.011,227741,2010-01-01
19,Katy Perry,Last Friday Night (T.G.I.F.),0.651,0.812,3,-3.797,0.0409,0.00125,3.01e-05,0.667,0.72,126.023,230733,2010-01-01
19,Katy Perry,California Gurls,0.788,0.753,0,-3.727,0.0551,0.00399,0,0.184,0.417,125.012,234653,2010-01-01
19,Katy Perry,Firework,0.638,0.832,8,-5.039,0.049,0.141,0,0.113,0.648,124.071,227893,2010-01-01
19,Katy Perry,Peacock,0.823,0.751,0,-3.175,0.0414,0.0413,0,0.099,0.943,140.0,231933,2010-01-01
19,Katy Perry,Circle The Drain,0.699,0.796,3,-3.998,0.0879,0.00806,0,0.0849,0.779,134.922,272907,2010-01-01
19,Katy Perry,The One That Got Away,0.69,0.795,1,-4.021,0.0355,0.000812,1.02e-06,0.155,0.876,133.964,227333,2010-01-01
19,Katy Perry,E.T.,0.602,0.863,5,-5.423,0.0773,0.0178,0,0.389,0.732,150.183,206373,2010-01-01
19,Katy Perry,Who Am I Living For?,0.721,0.644,7,-6.395,0.0401,0.0372,0,0.128,0.516,120.011,248533,2010-01-01
19,Katy Perry,Pearl,0.557,0.584,0,-6.275,0.0375,0.103,0,0.311,0.22,116.098,247627,2010-01-01
19,Katy Perry,Hummingbird Heartbeat,0.595,0.899,6,-2.935,0.107,0.00245,0,0.0957,0.594,121.99,212280,2010-01-01
19,Katy Perry,Not Like The Movies,0.403,0.48,8,-7.79,0.0975,0.869,2.72e-06,0.111,0.253,182.756,241333,2010-01-01
19,Katy Perry,The One That Got Away - Acoustic,0.712,0.44,4,-11.566,0.0413,0.678,0,0.0924,0.312,123.958,259040,2012-01-01
19,Katy Perry,Part Of Me,0.667,0.922,5,-4.645,0.0353,0.000354,0,0.0867,0.761,130.01,216160,2012-01-01
19,Katy Perry,Wide Awake,0.511,0.681,5,-5.103,0.0359,0.0843,6.73e-06,0.503,0.555,160.035,220933,2012-01-01
19,Katy Perry,Dressin' Up,0.72,0.78,9,-6.101,0.0747,0.019,0.000795,0.105,0.488,141.571,223547,2012-01-01
19,Katy Perry,Tommie Sunshine's Megasix Smash-Up,0.808,0.691,8,-1.874,0.0408,0.0219,0,0.133,0.737,131.009,423053,2012-01-01
19,Katy Perry,If We Ever Meet Again,0.645,0.606,8,-7.157,0.0301,0.00796,0,0.0751,0.369,126.008,263178,2010-01-01
19,Katy Perry,Starstrukk,0.605,0.795,11,-6.086,0.0712,0.00153,0,0.207,0.263,139.896,203093,2010-01-01
19,Katy Perry,California Gurls - Passion Pit Main Mix,0.726,0.63,7,-8.249,0.0504,0.00526,0.000354,0.0679,0.763,131.966,251400,2010-01-01
19,Katy Perry,California Gurls - Armand Van Helden Remix,0.797,0.961,10,-5.043,0.212,0.0698,0.00482,0.329,0.352,128.901,348533,2010-01-01
19,Katy Perry,Teenage Dream - Kaskade Club Remix,0.554,0.613,7,-5.987,0.0982,0.000195,7.15e-06,0.19,0.572,125.983,387973,2010-01-01
19,Katy Perry,California Gurls - MSTRKRFT Main Mix,0.651,0.607,0,-4.352,0.0718,0.00704,1.41e-06,0.0693,0.397,130.009,240013,2010-01-01
19,Katy Perry,Peacock - Cory Enemy & Mia Moretti Vocal Club Mix,0.796,0.805,7,-4.238,0.186,0.0373,0,0.0892,0.738,129.999,332240,2010-01-01
19,Katy Perry,California Gurls - Innerpartysystem Main Mix,0.772,0.727,2,-6.817,0.0845,0.00924,5.97e-05,0.652,0.603,124.993,267380,2010-01-01
19,Rihanna,Consideration,0.886,0.588,7,-2.254,0.0524,0.036,4.58e-06,0.0904,0.784,145.012,161067,2016-01-28
19,Rihanna,James Joint,0.366,0.203,4,-11.583,0.0299,0.689,0.000184,0.267,0.396,135.413,72080,2016-01-28
19,Rihanna,Kiss It Better,0.616,0.804,3,-4.81,0.0483,0.273,0,0.0668,0.888,95.023,253080,2016-01-28
19,Rihanna,Work,0.726,0.535,11,-6.216,0.0964,0.0751,0,0.0919,0.563,91.995,219320,2016-01-28
19,Rihanna,Desperado,0.685,0.61,0,-5.221,0.0439,0.323,0,0.102,0.323,94.384,186467,2016-01-28
19,Rihanna,Woo,0.421,0.463,9,-5.301,0.0326,0.0528,0.00375,0.298,0.189,114.974,235587,2016-01-28
19,Rihanna,Needed Me,0.685,0.313,5,-8.148,0.261,0.1,0,0.082,0.295,110.938,191600,2016-01-28
19,Rihanna,"Yeah, I Said It",0.576,0.397,7,-7.523,0.0882,0.524,2.39e-06,0.476,0.293,128.489,133053,2016-01-28
19,Rihanna,Same Ol’ Mistakes,0.447,0.799,8,-5.433,0.0459,0.209,0.0049,0.061,0.52,151.955,397120,2016-01-28
19,Rihanna,Never Ending,0.53,0.391,10,-9.096,0.0286,0.751,6.97e-05,0.187,0.521,82.215,202507,2016-01-28
19,Rihanna,Love On The Brain,0.509,0.629,4,-4.832,0.0463,0.072,9.58e-06,0.0814,0.393,171.974,224000,2016-01-28
19,Rihanna,Higher,0.291,0.561,10,-4.2,0.0421,0.116,0,0.119,0.391,153.226,120627,2016-01-28
19,Rihanna,Close To You,0.494,0.17,10,-11.368,0.0337,0.895,0,0.139,0.145,80.098,223227,2016-01-28
19,Rihanna,Goodnight Gotham,0.418,0.672,0,-5.989,0.0429,0.00686,2.14e-06,0.277,0.353,82.134,88493,2016-01-28
19,Rihanna,Pose,0.684,0.853,1,-3.208,0.0833,0.163,0.00457,0.13,0.803,145.912,144227,2016-01-28
19,Rihanna,Sex With Me,0.61,0.527,1,-5.693,0.0384,0.284,0,0.095,0.366,112.001,206400,2016-01-28
19,Rihanna,Phresh Out The Runway,0.691,0.866,9,-5.831,0.0729,0.000202,0,0.294,0.96,154.117,222413,2012-12-11
19,Rihanna,Diamonds,0.564,0.71,11,-4.92,0.0461,0.00125,0,0.109,0.393,91.972,225147,2012-01-01
19,Rihanna,Numb,0.717,0.697,8,-5.771,0.137,0.014,0.00125,0.131,0.379,129.042,205067,2012-12-11
19,Rihanna,Pour It Up,0.785,0.478,2,-8.735,0.0419,0.0254,0,0.0901,0.39,134.002,161200,2012-12-11
19,Rihanna,Loveeeeeee Song,0.71,0.598,5,-7.598,0.0319,0.508,0,0.0971,0.501,119.981,256320,2012-12-11
19,Rihanna,Jump,0.629,0.819,0,-6.181,0.25,0.229,0.00706,0.169,0.468,162.048,264453,2012-12-11
19,Rihanna,What Now,0.402,0.696,8,-4.799,0.0448,0.0476,0,0.628,0.227,180.158,243093,2012-12-11
19,Rihanna,Stay,0.621,0.31,9,-10.164,0.0283,0.945,6.12e-05,0.117,0.125,111.893,240707,2012-12-11
19,Rihanna,Nobody's Business,0.741,0.6,1,-5.792,0.0412,0.0362,0,0.0562,0.515,109.233,216293,2012-12-11
19,Rihanna,Love Without Tragedy / Mother Mary,0.542,0.66,6,-6.467,0.0357,0.0747,0,0.184,0.154,127.892,418867,2012-12-11
19,Rihanna,Get It Over With,0.419,0.465,1,-6.756,0.0312,0.744,0,0.102,0.251,79.75,211893,2012-12-11
19,Rihanna,No Love Allowed,0.583,0.482,10,-9.164,0.0987,0.362,4.14e-05,0.0938,0.645,90.483,249133,2012-12-11
19,Rihanna,Lost In Paradise,0.478,0.788,11,-3.698,0.0458,0.0668,0,0.167,0.297,75.954,215760,2012-12-11
19,Rihanna,Half Of Me,0.391,0.574,8,-5.912,0.0397,0.214,0,0.36,0.308,147.435,192853,2012-12-11
19,Rihanna,Diamonds - Dave Aude 100 Extended,0.722,0.629,11,-6.261,0.0393,0.000283,0.0735,0.0468,0.372,99.996,303533,2012-01-01
19,Rihanna,Diamonds - Gregor Salto Downtempo Remix,0.706,0.614,11,-7.89,0.079,0.0234,1.24e-06,0.121,0.538,104.984,269453,2012-01-01
19,Rihanna,Phresh Out The Runway - Album Version (Edited),0.689,0.868,9,-5.875,0.0815,0.000195,0,0.294,0.96,154.123,222413,2012-01-01
19,Rihanna,Numb - Album Version (Edited),0.717,0.697,8,-5.771,0.137,0.014,0.00125,0.131,0.379,129.042,205067,2012-01-01
19,Rihanna,Pour It Up - Album Version (Edited),0.785,0.478,2,-8.735,0.0419,0.0254,0,0.0901,0.39,134.002,161200,2012-01-01
19,Rihanna,Loveeeeeee Song - Album Version (Edited),0.703,0.651,7,-6.405,0.0327,0.537,0,0.0955,0.498,119.976,256320,2012-01-01
19,Rihanna,Jump - Album Version (Edited),0.656,0.824,0,-6.169,0.229,0.221,0.00757,0.171,0.423,81.071,264453,2012-01-01
19,Rihanna,Right Now - Album Version (Edited),0.668,0.64,3,-5.208,0.0888,0.049,0,0.0671,0.259,130.004,181627,2012-01-01
19,Rihanna,What Now - Album Version (Edited),0.402,0.696,8,-4.799,0.0448,0.0476,0,0.628,0.227,180.158,243093,2012-01-01
19,Rihanna,Stay - Album Version (Edited),0.621,0.31,9,-10.164,0.0283,0.945,6.12e-05,0.117,0.125,111.893,240707,2012-01-01
19,Rihanna,Nobody's Business - Album Version (Edited),0.741,0.6,1,-5.792,0.0412,0.0362,0,0.0562,0.515,109.233,216293,2012-01-01
19,Rihanna,Love Without Tragedy / Mother Mary - Album Version (Edited),0.542,0.66,6,-6.467,0.0357,0.0747,0,0.184,0.154,127.892,418880,2012-01-01
19,Rihanna,Get It Over With - Album Version (Edited),0.303,0.479,1,-6.75,0.0338,0.74,0,0.103,0.244,76.668,211880,2012-01-01
19,Rihanna,No Love Allowed - Album Version (Edited),0.571,0.481,10,-9.097,0.0937,0.389,6.02e-05,0.097,0.682,90.997,249133,2012-01-01
19,Rihanna,Lost In Paradise - Album Version (Edited),0.478,0.787,11,-3.698,0.0458,0.0669,0,0.168,0.296,75.954,215760,2012-01-01
19,Rihanna,Half Of Me - Album Version (Edited),0.421,0.575,8,-5.957,0.0403,0.207,0,0.365,0.287,147.449,192853,2012-01-01
19,Rihanna,You Da One,0.702,0.715,5,-5.377,0.0425,0.503,2.44e-05,0.126,0.863,127.05,200013,2011-01-01
19,Rihanna,Where Have You Been,0.719,0.847,0,-6.34,0.0916,0.00201,0.0204,0.223,0.444,127.963,242680,2011-01-01
19,Rihanna,We Found Love,0.734,0.766,1,-4.485,0.0383,0.025,0.00138,0.108,0.6,127.986,215227,2011-01-01
19,Rihanna,Talk That Talk,0.694,0.671,2,-4.088,0.0444,0.0371,3.14e-05,0.236,0.466,83.999,209600,2011-01-01
19,Rihanna,Cockiness (Love It),0.673,0.774,8,-7.097,0.0572,0.00117,0.000581,0.148,0.261,124.999,178027,2011-01-01
19,Rihanna,Birthday Cake,0.702,0.826,3,-6.498,0.0529,0.32,0.000227,0.355,0.329,80.014,78200,2011-01-01
19,Rihanna,We All Want Love,0.53,0.575,0,-6.71,0.0317,0.00244,0.000572,0.277,0.308,147.961,237013,2011-01-01
19,Rihanna,Drunk On Love,0.655,0.873,8,-3.609,0.0579,0.0748,0.000454,0.401,0.153,100.391,212187,2011-01-01
19,Rihanna,Roc Me Out,0.565,0.826,3,-4.808,0.0773,0.00503,0.00011,0.0757,0.377,174.058,209267,2011-01-01
19,Rihanna,Watch n' Learn,0.741,0.798,4,-5.431,0.122,0.00304,0.000134,0.282,0.823,168.01,211000,2011-01-01
19,Rihanna,Farewell,0.516,0.857,7,-4.559,0.111,0.0805,0,0.153,0.506,80.004,256507,2011-01-01
19,Rihanna,Red Lipstick,0.517,0.695,11,-7.659,0.118,0.0649,0,0.649,0.309,139.95,217440,2011-01-01
19,Rihanna,Do Ya Thang,0.519,0.853,6,-4.679,0.0369,0.000924,1.43e-05,0.101,0.697,174.085,223413,2011-01-01
19,Rihanna,Fool In Love,0.44,0.685,10,-5.582,0.0473,0.045,4.07e-06,0.31,0.0433,111.835,255853,2011-01-01
19,Rihanna,You Da One - Album Version (Edited),0.706,0.693,8,-5.416,0.04,0.497,3.13e-05,0.145,0.859,127.085,200013,2011-11-18
19,Rihanna,Talk That Talk - Album Version (Edited),0.641,0.687,2,-4.093,0.0544,0.0332,1.34e-05,0.211,0.375,168.055,209600,2011-11-18
19,Rihanna,Birthday Cake - Album Version (Edited),0.662,0.831,3,-6.558,0.0679,0.344,0.000204,0.342,0.398,160.03,78200,2011-11-18
19,Rihanna,Red Lipstick - Album Version (Edited),0.515,0.699,11,-7.692,0.119,0.0606,0,0.632,0.306,139.96,217440,2012-07-18
19,Rihanna,Do Ya Thang - Album Version (Edited),0.523,0.854,6,-4.683,0.0368,0.000917,3e-05,0.104,0.708,174.061,223413,2012-07-18
19,Little Mix,The National Manthem,0.47,0.147,5,-10.325,0.0567,0.684,0,0.102,0.161,89.05,29526,2018-11-16
19,Little Mix,Woman Like Me (feat. Nicki Minaj),0.64,0.849,5,-3.446,0.113,0.171,0,0.0878,0.819,74.961,228207,2018-11-16
19,Little Mix,Think About Us,0.477,0.791,8,-3.331,0.12,0.0709,0,0.112,0.603,175.869,235147,2018-11-16
19,Little Mix,Strip (feat. Sharaya J),0.677,0.542,11,-7.01,0.341,0.0729,0,0.213,0.46,123.751,199213,2018-11-16
19,Little Mix,Monster In Me,0.529,0.646,9,-4.371,0.0822,0.645,0,0.134,0.405,145.568,225053,2018-11-16
19,Little Mix,Joan of Arc,0.814,0.627,8,-3.294,0.0499,0.00211,0.00124,0.0607,0.603,100.019,191760,2018-11-16
19,Little Mix,Love a Girl Right,0.624,0.669,2,-5.011,0.0892,0.0214,0,0.103,0.502,99.959,182880,2018-11-16
19,Little Mix,American Boy,0.632,0.862,9,-4.218,0.0954,0.114,0,0.226,0.783,77.024,191893,2018-11-16
19,Little Mix,Told You So,0.666,0.432,6,-5.335,0.0375,0.36,0,0.0703,0.592,97.035,192853,2018-11-16
19,Little Mix,Wasabi,0.85,0.655,9,-5.005,0.105,0.00457,0.000604,0.122,0.269,114.006,154781,2018-11-16
19,Little Mix,More Than Words (feat. Kamille),0.619,0.565,9,-5.706,0.0602,0.143,0,0.109,0.336,134.515,198840,2018-11-16
19,Little Mix,Motivate,0.656,0.787,1,-5.11,0.0678,0.194,5.22e-06,0.0561,0.639,145.988,201726,2018-11-16
19,Little Mix,Notice,0.445,0.595,1,-4.477,0.0699,0.351,0,0.115,0.409,131.032,214693,2018-11-16
19,Little Mix,The Cure,0.605,0.748,8,-5.043,0.0527,0.274,0,0.103,0.219,96.043,215333,2018-11-16
19,Little Mix,Forget You Not,0.727,0.756,8,-4.507,0.0429,0.335,0,0.214,0.69,104.995,187253,2018-11-16
19,Little Mix,Woman's World,0.456,0.671,4,-5.159,0.0567,0.144,0,0.121,0.164,163.828,217747,2018-11-16
19,Little Mix,The Cure (Stripped),0.74,0.356,0,-7.062,0.266,0.772,0,0.0693,0.625,92.017,107773,2018-11-16
19,Little Mix,Only You,0.629,0.742,4,-4.774,0.115,0.0854,0,0.0966,0.252,108.033,189440,2018-11-16
19,Little Mix,Shout Out to My Ex,0.774,0.739,0,-4.022,0.0952,0.0316,5.95e-06,0.119,0.823,126.002,246240,2016-11-23
19,Little Mix,Touch (feat. Kid Ink),0.64,0.753,4,-3.929,0.108,0.0444,0,0.494,0.531,101.794,202947,2017-11-24
19,Little Mix,Reggaetón Lento (Remix),0.623,0.909,4,-3.079,0.0758,0.158,0,0.0972,0.651,93.984,188787,2017-11-24
19,Little Mix,F.U.,0.624,0.803,2,-3.578,0.0417,0.575,0,0.0901,0.53,97.017,238720,2016-11-23
19,Little Mix,Power (feat. Stormzy),0.586,0.865,7,-4.092,0.319,0.0345,5.55e-06,0.165,0.468,172.917,242293,2017-11-24
19,Little Mix,No More Sad Songs (feat. Machine Gun Kelly),0.709,0.779,7,-3.534,0.0464,0.0777,7.47e-06,0.306,0.701,102.024,225200,2017-11-24
19,Little Mix,Oops (feat. Charlie Puth),0.611,0.653,11,-4.183,0.17,0.42,0,0.165,0.92,210.002,204760,2016-11-23
19,Little Mix,You Gotta Not,0.61,0.803,1,-4.523,0.035,0.0107,2.92e-05,0.0386,0.438,89.997,191027,2016-11-23
19,Little Mix,Down & Dirty,0.907,0.785,6,-4.884,0.0736,0.0386,0,0.0855,0.495,136.099,175053,2016-11-23
19,Little Mix,Your Love,0.668,0.668,5,-3.903,0.0508,0.0442,0,0.125,0.387,126.489,207747,2016-11-23
19,Little Mix,Nobody Like You,0.457,0.398,7,-6.226,0.0373,0.463,6.34e-06,0.0914,0.158,135.717,248720,2016-11-23
19,Little Mix,Private Show,0.754,0.874,6,-2.966,0.0771,0.178,3.27e-06,0.72,0.765,105.029,161773,2016-11-23
19,Little Mix,Nothing Else Matters,0.518,0.794,2,-5.806,0.096,0.0126,0,0.355,0.704,170.11,235520,2016-11-23
19,Little Mix,If I Get My Way,0.599,0.779,6,-3.663,0.0729,0.194,0,0.0978,0.607,93.098,220627,2017-11-24
19,Little Mix,Is Your Love Enough?,0.762,0.854,0,-2.757,0.0818,0.00642,1.11e-06,0.131,0.615,105.969,224600,2017-11-24
19,Little Mix,Dear Lover,0.689,0.819,8,-3.31,0.0485,0.115,0,0.13,0.613,112.995,200680,2017-11-24
19,Little Mix,Touch,0.607,0.718,4,-4.095,0.0978,0.032,0,0.403,0.551,101.821,213307,2016-11-23
19,Little Mix,No More Sad Songs,0.689,0.788,7,-4.347,0.0511,0.0634,2.16e-05,0.248,0.767,102.064,206373,2016-11-23
19,Little Mix,Beep Beep,0.764,0.883,11,-4.545,0.0716,0.0221,0,0.436,0.95,118.969,232293,2016-11-23
19,Little Mix,Freak,0.694,0.872,8,-4.127,0.169,0.0113,0,0.0327,0.626,124.981,216947,2016-11-23
19,Little Mix,Touch - Acoustic,0.354,0.33,4,-8.242,0.0374,0.401,0,0.148,0.547,82.122,223693,2016-11-23
19,Little Mix,Shout Out to My Ex - Steve Smart Epic Edit,0.736,0.669,9,-4.354,0.0563,0.057,0.0124,0.076,0.545,123.977,220773,2017-11-24
19,Little Mix,Shout Out to My Ex - Acoustic,0.595,0.487,5,-4.916,0.0363,0.424,0,0.0683,0.481,125.66,245867,2017-11-24
19,Little Mix,No More Sad Songs - Acoustic Version,0.419,0.398,7,-6.339,0.0609,0.619,0,0.088,0.628,199.227,192621,2017-11-24
19,Little Mix,"Grown - Get Weird Tour Live from The SSE Arena, Wembley",0.483,0.891,0,-9.401,0.0607,0.00199,0.00121,0.697,0.23,173.947,241027,2016-11-23
19,Little Mix,"Wings - Get Weird Tour Live from The SSE Arena, Wembley",0.569,0.829,7,-9.486,0.0837,0.00117,1.28e-05,0.382,0.403,114.971,322733,2016-11-23
19,Little Mix,"Secret Love Song - Get Weird Tour Live from The SSE Arena, Wembley",0.363,0.325,9,-11.39,0.0311,0.675,0,0.897,0.136,95.159,270720,2016-11-23
19,Little Mix,"Black Magic - Get Weird Tour Live from The SSE Arena, Wembley",0.616,0.885,6,-7.748,0.0619,0.0143,0,0.964,0.51,111.998,250600,2016-11-23
19,Little Mix,Black Magic,0.777,0.895,4,-4.464,0.0618,0.0348,0,0.317,0.826,111.987,211773,2015-11-06
19,Little Mix,Love Me Like You,0.785,0.674,7,-3.936,0.043,0.208,0,0.285,0.848,106.057,197787,2015-11-06
19,Little Mix,Weird People,0.746,0.877,5,-3.985,0.054,0.0143,0,0.391,0.786,128.002,211333,2015-11-06
19,Little Mix,Secret Love Song (feat. Jason Derulo),0.534,0.642,9,-3.971,0.0504,0.259,0,0.29,0.131,92.963,249813,2015-11-06
19,Little Mix,Grown,0.604,0.767,7,-4.035,0.0543,0.115,2.85e-05,0.314,0.491,173.922,156613,2015-11-06
19,Little Mix,I Love You,0.672,0.564,0,-5.818,0.0312,0.0983,0,0.115,0.378,99.979,249427,2015-11-06
19,Little Mix,OMG,0.8,0.716,8,-4.377,0.0302,0.0576,0,0.209,0.647,107.988,203320,2015-11-06
19,Little Mix,Lightning,0.592,0.838,6,-7.196,0.243,0.0591,2.53e-06,0.268,0.563,148.401,312200,2015-11-06
19,Little Mix,A.D.I.D.A.S.,0.829,0.767,9,-4.125,0.0414,0.0756,0,0.0921,0.67,129.899,202080,2015-11-06
19,Little Mix,Love Me or Leave Me,0.483,0.368,6,-5.72,0.03,0.6,0,0.0882,0.367,66.943,206493,2015-11-06
19,Little Mix,The End,0.458,0.311,2,-7.121,0.0536,0.889,0,0.241,0.49,95.289,132453,2015-11-06
19,Little Mix,I Won't,0.77,0.915,0,-4.885,0.132,0.0679,0,0.31,0.726,129.988,197720,2015-11-06
19,Little Mix,"Secret Love Song, Pt. II",0.39,0.384,9,-7.252,0.039,0.748,0,0.08,0.154,96.132,266920,2015-11-06
19,Little Mix,Clued Up,0.578,0.533,4,-5.663,0.0407,0.728,0,0.301,0.899,164.108,246160,2015-11-06
19,Little Mix,The Beginning,0.627,0.22,7,-8.046,0.0496,0.831,0,0.569,0.346,79.759,93467,2015-11-06
19,Little Mix,Black Magic - Acoustic,0.732,0.67,4,-4.885,0.158,0.823,0,0.101,0.859,114.41,209347,2015-11-11
19,Little Mix,Love Me Like You - Christmas Mix,0.71,0.732,7,-3.219,0.0322,0.0111,0,0.292,0.896,105.004,210867,2015-11-11
19,Little Mix,Dreamin' Together (feat. Little Mix),0.637,0.937,3,-2.756,0.177,0.142,2.25e-06,0.356,0.763,126.032,296307,2015-11-11
19,Little Mix,Salute,0.641,0.732,2,-5.324,0.051,0.0992,0,0.285,0.352,82.027,236013,2013-11-11
19,Little Mix,Move,0.85,0.741,6,-4.57,0.0918,0.00436,3.33e-06,0.549,0.765,121.17,224333,2013-11-11
19,Little Mix,Little Me,0.371,0.795,5,-5.092,0.0785,0.206,0,0.181,0.544,79.837,235360,2013-11-11
19,Little Mix,Nothing Feels Like You,0.658,0.903,0,-4.45,0.239,0.029,2.42e-05,0.332,0.838,126.026,207413,2013-11-11
19,Little Mix,Towers,0.528,0.695,1,-4.399,0.0453,0.139,0,0.0966,0.334,142.026,238573,2013-11-11
19,Little Mix,Competition,0.671,0.729,6,-4.844,0.0489,0.127,1.36e-06,0.09,0.449,97.004,207053,2013-11-11
19,Little Mix,These Four Walls,0.302,0.336,10,-9.877,0.0343,0.792,0,0.0935,0.158,154.738,208347,2013-11-11
19,Little Mix,About the Boy,0.707,0.813,11,-4.817,0.0457,0.00246,0.00165,0.072,0.179,103.013,224640,2013-11-11
19,Little Mix,Boy,0.827,0.525,4,-5.9,0.364,0.232,0,0.548,0.553,139.971,174213,2013-11-11
19,Little Mix,Good Enough,0.521,0.377,10,-7.768,0.031,0.752,0,0.105,0.333,78.702,232240,2013-11-11
19,Little Mix,Mr Loverboy,0.656,0.803,1,-4.235,0.0546,0.00844,0.00528,0.0931,0.419,97.992,194600,2013-11-11
19,Little Mix,A Different Beat,0.59,0.898,10,-4.917,0.0745,0.0347,0,0.821,0.621,114.469,207720,2013-11-11
19,Little Mix,See Me Now,0.593,0.918,5,-3.985,0.0692,0.0125,0,0.181,0.607,125.009,223920,2013-11-11
19,Little Mix,They Just Don't Know You,0.678,0.735,3,-4.146,0.0624,0.22,0,0.121,0.64,109.941,235373,2013-11-11
19,Little Mix,Stand Down,0.723,0.895,7,-4.257,0.0573,0.0208,0,0.694,0.75,125.993,219333,2013-11-11
19,Little Mix,Little Me - Unplugged,0.484,0.45,5,-5.943,0.0324,0.901,0,0.116,0.263,74.922,236920,2013-11-11
19,Little Mix,Move - Deekly and Eightysix Remix,0.728,0.833,8,-6.362,0.15,0.00332,0.0168,0.0897,0.669,128.033,201413,2013-12-18
19,Little Mix,Move - Over Exposure Remix,0.711,0.823,1,-5.845,0.0311,0.000109,0.232,0.173,0.566,123.005,352613,2013-12-18
19,Little Mix,Move - The Alias Radio Edit,0.659,0.805,6,-5.556,0.0825,0.00327,0.000213,0.0817,0.926,125.965,226227,2013-12-18
19,Little Mix,Wings - Japanese Version,0.724,0.914,7,-1.618,0.12,0.000502,0.000424,0.314,0.485,114.955,221720,2013-12-18
19,Little Mix,Une autre personne (feat. Little Mix),0.783,0.717,0,-6.668,0.0838,0.0167,0,0.0542,0.691,96.969,241147,2013-11-11
19,Little Mix,Wings,0.738,0.875,7,-3.141,0.127,0.000673,0.000556,0.285,0.538,114.962,219733,2012
19,Little Mix,DNA,0.536,0.696,3,-4.888,0.0492,0.0325,3.51e-05,0.12,0.325,141.043,236733,2012
19,Little Mix,Change Your Life,0.514,0.756,6,-4.011,0.0406,0.0786,0,0.359,0.361,160.11,201587,2012
19,Little Mix,Always Be Together,0.519,0.77,1,-5.107,0.0348,0.000723,0,0.16,0.512,99.961,266600,2012
19,Little Mix,Stereo Soldier,0.7,0.844,7,-3.842,0.0584,0.0108,3.36e-06,0.17,0.706,119.932,202027,2012
19,Little Mix,Pretend It's OK,0.394,0.787,0,-4.281,0.048,0.0972,0,0.28,0.512,172.717,224933,2012
19,Little Mix,Turn Your Face,0.398,0.281,6,-6.39,0.0351,0.922,0,0.21,0.252,140.362,221133,2012
19,Little Mix,We Are Who We Are,0.486,0.644,8,-3.19,0.0989,0.0171,2.42e-05,0.153,0.72,93.643,183733,2012
19,Little Mix,How Ya Doin'? (feat. Missy Elliott),0.359,0.95,10,-3.49,0.476,0.09,0,0.371,0.51,200.617,211173,2012
19,Little Mix,Red Planet (feat. T-Boz),0.505,0.899,6,-3.657,0.0673,0.00878,0.000524,0.0947,0.441,79.974,226040,2012
19,Fifth Harmony,Going Nowhere,0.615,0.861,10,-2.203,0.106,0.127,6.74e-05,0.602,0.682,165.914,214173,2014
19,Little Mix,Madhouse,0.617,0.857,4,-4.116,0.0572,0.00173,4.48e-06,0.632,0.246,118.997,229320,2012
19,Little Mix,Love Drunk,0.62,0.946,5,-3.03,0.159,0.0173,0.000762,0.557,0.736,99.985,215387,2012
19,Little Mix,Make You Believe,0.378,0.9,11,-3.626,0.177,0.00798,0,0.29,0.222,179.878,221600,2012
19,Little Mix,Case Closed,0.705,0.717,5,-5.008,0.0373,0.343,0,0.151,0.548,125.037,192080,2012
19,Little Mix,DNA (Unplugged),0.405,0.435,3,-7.048,0.0336,0.849,0,0.137,0.326,135.843,255773,2012
19,Little Mix,Wings - (Acoustic) [Live],0.792,0.502,4,-3.235,0.0492,0.806,0,0.0921,0.621,115.028,220293,2013-08-21
19,Little Mix,We Are Young - Acoustic,0.332,0.227,6,-10.82,0.0406,0.858,0,0.0939,0.408,80.848,312680,2013-05-28
19,Little Mix,Wings - The Alias Club Mix,0.755,0.912,9,-3.279,0.272,0.00153,0.00321,0.0575,0.706,125.996,304093,2013-08-21
19,Little Mix,Change Your Life - Bimbo Jones Radio Edit,0.59,0.962,9,-4.771,0.0576,0.00753,4.25e-05,0.0594,0.239,124.966,169827,2013-08-21
19,Little Mix,How Ya Doin'?,0.424,0.946,5,-3.379,0.349,0.185,0,0.329,0.589,202.28,192773,2012
19,Little Mix,Break Up Song,0.626,0.749,5,-5.406,0.0443,0.00515,0,0.215,0.6,90.033,200299,2020-03-27
19,Little Mix,Break Up Song - Acoustic Version,0.479,0.417,2,-5.79,0.0301,0.327,0,0.152,0.443,89.595,202682,2020-03-26
19,Little Mix,Break Up Song - Nathan Dawe Remix,0.633,0.787,0,-4.954,0.0438,0.54,0,0.182,0.458,110.057,201473,2020-03-26
19,Little Mix,Break Up Song - Steve Void Remix,0.768,0.758,0,-4.419,0.166,0.296,0,0.591,0.547,109.99,177818,2020-03-26
19,Fifth Harmony,Down (feat. Gucci Mane),0.53,0.512,8,-7.094,0.133,0.0162,7.04e-05,0.128,0.401,196.121,165200,2017-10-29
19,Fifth Harmony,He Like That,0.592,0.681,0,-5.597,0.141,0.362,0,0.142,0.491,147.016,217107,2017-08-25
19,Fifth Harmony,Sauced Up,0.777,0.572,1,-4.663,0.0408,0.0568,0,0.114,0.326,100.0,197787,2017-08-25
19,Fifth Harmony,Make You Mad,0.785,0.701,7,-4.587,0.0935,0.163,0,0.0835,0.601,100.947,174507,2017-08-25
19,Fifth Harmony,Deliver,0.721,0.746,4,-4.146,0.174,0.137,0,0.253,0.837,143.965,206520,2017-08-25
19,Fifth Harmony,Lonely Night,0.601,0.452,4,-6.393,0.0646,0.0477,0,0.142,0.233,125.069,205307,2017-08-25
19,Fifth Harmony,Don't Say You Love Me,0.585,0.633,9,-4.944,0.1,0.497,0,0.145,0.378,101.707,193067,2017-08-25
19,Fifth Harmony,Messy,0.579,0.675,0,-4.978,0.0503,0.627,0,0.14,0.349,92.974,194227,2017-08-25
19,Fifth Harmony,Bridges,0.681,0.705,11,-4.087,0.026,0.0828,0,0.325,0.43,109.969,243267,2017-08-25
19,Fifth Harmony,Por Favor - Spanglish Version,0.759,0.76,2,-5.427,0.0706,0.188,2.1e-06,0.0607,0.733,98.029,198912,2017-10-29
19,Fifth Harmony,Down,0.53,0.512,8,-7.094,0.133,0.0162,7.04e-05,0.128,0.401,196.121,165200,2017-08-25
19,Fifth Harmony,That's My Girl,0.596,0.851,5,-4.245,0.121,0.0358,3.19e-05,0.365,0.612,202.052,204000,2016-05-27
19,Fifth Harmony,Work from Home (feat. Ty Dolla $ign),0.808,0.586,8,-5.934,0.0428,0.0793,5.49e-06,0.0659,0.588,104.991,214493,2016-05-27
19,Fifth Harmony,The Life,0.739,0.762,0,-5.633,0.0486,0.171,0,0.107,0.744,104.0,200893,2016-05-27
19,Fifth Harmony,Write On Me,0.441,0.692,7,-5.427,0.128,0.359,1.94e-06,0.161,0.475,189.879,219560,2016-05-27
19,Fifth Harmony,I Lied,0.674,0.778,8,-4.961,0.179,0.0774,0,0.308,0.492,118.039,203587,2016-05-27
19,Fifth Harmony,All In My Head (Flex) (feat. Fetty Wap),0.689,0.791,0,-5.194,0.053,0.023,0,0.0526,0.755,95.04,210573,2016-05-27
19,Fifth Harmony,Squeeze,0.642,0.577,0,-7.692,0.0366,0.424,2.71e-06,0.0779,0.314,99.977,213093,2016-05-27
19,Fifth Harmony,Gonna Get Better,0.702,0.663,3,-5.533,0.109,0.181,0,0.154,0.468,91.989,216880,2016-05-27
19,Fifth Harmony,Scared of Happy,0.714,0.837,6,-3.252,0.0398,0.177,2.09e-05,0.114,0.479,112.009,203533,2016-05-27
19,Fifth Harmony,Not That Kinda Girl (feat. Missy Elliott),0.795,0.908,1,-3.126,0.165,0.0175,1.01e-05,0.0418,0.63,115.034,191133,2016-05-27
19,Fifth Harmony,No Way,0.544,0.872,6,-6.119,0.314,0.184,0.000121,0.105,0.482,89.543,176053,2016-05-27
19,Fifth Harmony,Worth It,0.854,0.766,8,-3.721,0.0827,0.0464,8.05e-05,0.217,0.541,99.997,186613,2016-05-27
19,Fifth Harmony,Big Bad Wolf,0.677,0.569,1,-6.461,0.0777,0.136,0,0.192,0.326,97.081,197747,2016-05-27
19,Fifth Harmony,1000 Hands,0.304,0.311,4,-7.344,0.0309,0.949,2.47e-06,0.104,0.215,64.981,199600,2016-05-27
19,Fifth Harmony,Top Down,0.831,0.677,1,-4.363,0.0429,0.244,1.34e-06,0.0443,0.759,101.025,220320,2014
19,Fifth Harmony,BO$$,0.813,0.872,9,-5.224,0.107,0.00621,0,0.0498,0.736,103.016,171413,2014
19,Fifth Harmony,Sledgehammer,0.671,0.777,2,-4.322,0.046,0.0057,0.0011,0.0783,0.289,99.98,230907,2014
19,Fifth Harmony,Worth It (feat. Kid Ink),0.884,0.765,8,-3.865,0.0882,0.063,7.04e-06,0.118,0.594,99.987,224573,2015-01-20
19,Fifth Harmony,This is How We Roll,0.711,0.537,11,-5.806,0.0571,0.0726,0,0.286,0.409,127.924,272160,2014
19,Fifth Harmony,Everlasting Love,0.574,0.653,9,-4.678,0.129,0.126,4.49e-06,0.0607,0.726,94.886,184507,2014
19,Fifth Harmony,Like Mariah (feat. Tyga),0.735,0.77,4,-4.851,0.143,0.112,0,0.129,0.492,97.981,208187,2014
19,Fifth Harmony,Them Girls Be Like,0.804,0.742,6,-3.894,0.0284,0.317,0,0.341,0.916,95.019,162627,2014
19,Fifth Harmony,Reflection,0.722,0.614,1,-4.519,0.191,0.5,0,0.0422,0.753,150.288,188560,2014
19,Fifth Harmony,Suga Mama,0.728,0.855,0,-6.806,0.379,0.0768,0,0.07,0.723,160.037,219133,2014
19,Fifth Harmony,We Know,0.425,0.336,10,-7.606,0.0542,0.586,0,0.0729,0.294,83.926,177173,2014
19,Fifth Harmony,Body Rock,0.676,0.75,11,-5.205,0.0808,0.016,0,0.0988,0.407,128.037,243600,2014
19,Fifth Harmony,Brave Honest Beautiful (feat. Meghan Trainor),0.511,0.872,6,-3.588,0.145,0.147,0,0.357,0.704,99.314,208293,2014
19,Fifth Harmony,Don't Wanna Dance Alone,0.777,0.789,1,-3.574,0.0563,0.0367,2.46e-05,0.0599,0.854,119.017,230173,2014
19,Fifth Harmony,Miss Movin' On,0.464,0.845,6,-2.927,0.0508,0.0297,6.4e-06,0.302,0.437,75.029,194253,2014
19,Fifth Harmony,Better Together,0.605,0.747,10,-3.904,0.214,0.0496,0,0.104,0.492,179.999,194093,2014
19,Fifth Harmony,Who Are You,0.63,0.295,8,-7.26,0.029,0.886,0,0.131,0.297,123.152,236613,2014
19,Fifth Harmony,Leave My Heart Out Of This,0.601,0.824,11,-4.889,0.0986,0.0936,0,0.0889,0.559,154.1,230827,2014
19,Fifth Harmony,Me & My Girls,0.567,0.85,9,-3.43,0.118,0.0188,0,0.126,0.521,134.941,204013,2014
19,Fifth Harmony,I'm In Love With a Monster,0.666,0.812,6,-4.07,0.0647,0.0597,0,0.0603,0.868,145.059,211932,2015-08-14
19,Fifth Harmony,Miss Movin' On - Papercha$er Remix,0.438,0.939,3,-3.729,0.256,0.0308,0.444,0.169,0.367,129.921,247533,2014
19,Fifth Harmony,He Like That - Recorded at Spotify Studios NYC,0.562,0.542,0,-8.23,0.0566,0.00334,0,0.0959,0.59,147.067,217571,2017-12-06
19,Fifth Harmony,Feels - Recorded at Spotify Studios NYC,0.545,0.292,11,-10.594,0.0331,0.86,0,0.2,0.756,99.855,95628,2017-12-06
19,Fifth Harmony,"Can You See - Spotify Singles - Holiday, Recorded at Spotify Studios NYC",0.554,0.422,8,-10.761,0.0439,0.329,3.13e-05,0.0986,0.3,99.676,242879,2017-11-29
19,Fifth Harmony,Por Favor,0.752,0.761,2,-4.63,0.0926,0.209,2.64e-06,0.0625,0.697,98.025,199067,2017-10-27
19,Fifth Harmony,He Like That (feat. French Montana) - French Montana Remix,0.653,0.65,0,-6.018,0.1,0.389,1.74e-05,0.135,0.564,146.944,215589,2017-10-20
19,Fifth Harmony,Can You See,0.623,0.472,8,-8.21,0.0324,0.27,0,0.189,0.351,99.996,237013,2017-10-17
19,Fifth Harmony,That's My Girl - Ryan Riback Remix,0.679,0.864,5,-4.619,0.0471,0.00271,0.000399,0.104,0.41,107.034,196435,2016-12-09
19,Fifth Harmony,That's My Girl - jimmie Club Mix,0.726,0.911,5,-2.008,0.0429,0.0116,0.000274,0.0239,0.465,118.015,218136,2016-12-09
19,Fifth Harmony,That's My Girl - Eva Shaw Remix,0.755,0.886,5,-4.091,0.0414,0.0349,0.0118,0.369,0.627,108.024,193533,2016-12-09
19,Fifth Harmony,That's My Girl - Boaz van de Beatz Rework,0.67,0.836,5,-5.292,0.0556,0.0118,0,0.283,0.419,104.989,205695,2016-12-09
19,Fifth Harmony,Worth It (Dame Esta Noche) (feat. Kid Ink),0.906,0.702,8,-4.231,0.108,0.0512,1.57e-05,0.155,0.616,100.011,223424,2015-07-10
