date,followers,followerdifference,monthlylisteners,monthlylistenersdifference
2016-11-26,118977,0,0,0
2016-11-27,120688,1711,0,0
2016-11-28,122340,1652,0,0
2016-11-29,123601,1261,0,0
2016-11-30,124931,1330,0,0
2016-12-01,126157,1226,0,0
2016-12-02,127352,1195,0,0
2016-12-03,128459,1107,0,0
2016-12-04,129666,1207,0,0
2016-12-05,131169,1503,0,0
2016-12-06,132230,1061,0,0
2016-12-08,134316,2086,0,0
2016-12-09,135451,1135,0,0
2016-12-10,136468,1017,0,0
2016-12-11,137967,1499,0,0
2016-12-12,139214,1247,0,0
2016-12-13,140395,1181,0,0
2016-12-14,141800,1405,0,0
2016-12-15,142908,1108,0,0
2016-12-16,143934,1026,0,0
2016-12-17,145246,1312,0,0
2016-12-18,146469,1223,0,0
2016-12-19,147635,1166,0,0
2016-12-20,149083,1448,0,0
2016-12-21,150247,1164,0,0
2016-12-22,151290,1043,0,0
2016-12-23,152707,1417,0,0
2016-12-24,154035,1328,0,0
2016-12-25,155086,1051,0,0
2016-12-26,156578,1492,0,0
2016-12-27,158096,1518,0,0
2016-12-28,159460,1364,0,0
2016-12-29,161148,1688,0,0
2016-12-30,162571,1423,0,0
2016-12-31,163849,1278,0,0
2017-01-01,165030,1181,0,0
2017-01-02,166469,1439,0,0
2017-01-03,167803,1334,0,0
2017-01-04,168922,1119,0,0
2017-01-05,170281,1359,0,0
2017-01-06,171589,1308,0,0
2017-01-07,172776,1187,0,0
2017-01-08,174370,1594,0,0
2017-01-09,175649,1279,0,0
2017-01-10,176657,1008,0,0
2017-01-11,177880,1223,0,0
2017-01-12,179033,1153,0,0
2017-01-13,180067,1034,0,0
2017-01-14,181436,1369,0,0
2017-01-15,182920,1484,0,0
2017-01-16,184324,1404,0,0
2017-01-17,185550,1226,0,0
2017-01-18,186819,1269,0,0
2017-01-19,188125,1306,0,0
2017-01-21,190888,2763,0,0
2017-01-22,192476,1588,0,0
2017-01-23,194002,1526,0,0
2017-01-24,195277,1275,0,0
2017-01-25,196390,1113,0,0
2017-01-27,198865,2475,0,0
2017-01-28,200168,1303,0,0
2017-01-29,201589,1421,0,0
2017-01-30,202854,1265,0,0
2017-01-31,203971,1117,0,0
2017-02-01,205141,1170,0,0
2017-02-02,206328,1187,0,0
2017-02-03,207533,1205,0,0
2017-02-04,208782,1249,0,0
2017-02-05,210152,1370,0,0
2017-02-06,211560,1408,0,0
2017-02-07,212694,1134,0,0
2017-02-08,213735,1041,0,0
2017-02-09,214836,1101,0,0
2017-02-10,216036,1200,0,0
2017-02-11,217283,1247,0,0
2017-02-12,218896,1613,0,0
2017-02-13,223087,4191,0,0
2017-02-14,225071,1984,0,0
2017-02-15,226559,1488,0,0
2017-02-16,228020,1461,0,0
2017-02-17,229501,1481,0,0
2017-02-19,232537,3036,0,0
2017-02-20,234015,1478,0,0
2017-02-21,235603,1588,0,0
2017-02-22,236967,1364,0,0
2017-02-23,238302,1335,0,0
2017-02-24,239519,1217,0,0
2017-02-25,240920,1401,0,0
2017-02-26,242579,1659,0,0
2017-02-27,244073,1494,0,0
2017-02-28,245319,1246,0,0
2017-03-02,247900,2581,0,0
2017-03-03,249591,1691,0,0
2017-03-04,251207,1616,0,0
2017-03-05,252899,1692,0,0
2017-03-06,254438,1539,0,0
2017-03-07,256152,1714,0,0
2017-03-08,257512,1360,0,0
2017-03-09,258764,1252,0,0
2017-03-11,261271,2507,0,0
2017-03-13,264155,2884,0,0
2017-03-14,265624,1469,0,0
2017-03-15,266918,1294,0,0
2017-03-16,268138,1220,0,0
2017-03-17,269291,1153,0,0
2017-03-18,270516,1225,0,0
2017-03-19,272053,1537,0,0
2017-03-20,273520,1467,0,0
2017-03-21,274644,1124,0,0
2017-03-22,275794,1150,0,0
2017-03-23,276941,1147,0,0
2017-03-24,278097,1156,0,0
2017-03-26,280826,2729,0,0
2017-03-27,282152,1326,0,0
2017-03-28,283810,1658,0,0
2017-03-29,285260,1450,0,0
2017-03-30,286494,1234,0,0
2017-03-31,287652,1158,0,0
2017-04-01,288861,1209,0,0
2017-04-02,290226,1365,0,0
2017-04-03,291662,1436,0,0
2017-04-04,292899,1237,0,0
2017-04-05,294196,1297,0,0
2017-04-06,295506,1310,0,0
2017-04-07,297130,1624,0,0
2017-04-08,298745,1615,0,0
2017-04-09,300512,1767,0,0
2017-04-10,302027,1515,0,0
2017-04-11,303872,1845,0,0
2017-04-12,305390,1518,0,0
2017-04-13,306848,1458,0,0
2017-04-14,308455,1607,0,0
2017-04-15,310034,1579,0,0
2017-04-16,311616,1582,0,0
2017-04-17,313150,1534,0,0
2017-04-18,314554,1404,0,0
2017-04-19,315839,1285,0,0
2017-04-22,319900,4061,0,0
2017-04-23,321372,1472,0,0
2017-04-24,322846,1474,0,0
2017-04-26,325438,2592,0,0
2017-04-27,327718,2280,0,0
2017-04-28,329415,1697,0,0
2017-04-29,331142,1727,0,0
2017-04-30,332942,1800,0,0
2017-05-02,336276,3334,0,0
2017-05-03,337631,1355,0,0
2017-05-04,339052,1421,0,0
2017-05-05,340350,1298,0,0
2017-05-06,341799,1449,0,0
2017-05-07,343389,1590,0,0
2017-05-08,344939,1550,0,0
2017-05-09,346159,1220,0,0
2017-05-10,347376,1217,0,0
2017-05-11,348685,1309,0,0
2017-05-18,358557,9872,0,0
2017-05-19,358930,373,0,0
2017-05-20,360182,1252,0,0
2017-05-21,361558,1376,0,0
2017-05-22,362818,1260,0,0
2017-05-23,364117,1299,0,0
2017-05-24,365428,1311,0,0
2017-05-25,366604,1176,0,0
2017-05-26,367797,1193,0,0
2017-05-27,369133,1336,0,0
2017-05-28,370646,1513,0,0
2017-05-29,372071,1425,0,0
2017-06-01,377031,4960,0,0
2017-06-02,377535,504,0,0
2017-06-03,378911,1376,0,0
2017-06-04,380353,1442,0,0
2017-06-05,381705,1352,0,0
2017-06-06,382855,1150,0,0
2017-06-07,383990,1135,0,0
2017-06-08,385163,1173,0,0
2017-06-10,387866,2703,0,0
2017-06-11,389330,1464,0,0
2017-06-12,390808,1478,0,0
2017-06-13,392027,1219,0,0
2017-06-14,393261,1234,0,0
2017-06-15,394600,1339,0,0
2017-06-16,395989,1389,0,0
2017-06-17,397448,1459,0,0
2017-06-18,399057,1609,0,0
2017-06-19,400555,1498,0,0
2017-06-20,401971,1416,0,0
2017-06-21,403683,1712,0,0
2017-06-22,405544,1861,0,0
2017-06-23,413099,7555,0,0
2017-06-24,417726,4627,0,0
2017-06-25,421983,4257,0,0
2017-06-26,425473,3490,0,0
2017-06-27,428400,2927,0,0
2017-06-28,430947,2547,0,0
2017-06-30,435758,4811,0,0
2017-07-01,438111,2353,0,0
2017-07-02,440585,2474,0,0
2017-07-03,442994,2409,0,0
2017-07-04,445216,2222,0,0
2017-07-05,447535,2319,0,0
2017-07-06,449847,2312,0,0
2017-07-07,452003,2156,0,0
2017-07-08,454326,2323,0,0
2017-07-09,456905,2579,0,0
2017-07-10,459441,2536,0,0
2017-07-11,462117,2676,0,0
2017-07-12,464915,2798,0,0
2017-07-13,467586,2671,0,0
2017-07-14,470371,2785,0,0
2017-07-15,473011,2640,0,0
2017-07-16,475830,2819,0,0
2017-07-17,478486,2656,0,0
2017-07-18,480777,2291,0,0
2017-07-19,483940,3163,0,0
2017-07-20,486647,2707,0,0
2017-07-21,489133,2486,0,0
2017-07-23,494299,5166,0,0
2017-07-24,496625,2326,0,0
2017-07-25,498735,2110,0,0
2017-07-26,501009,2274,0,0
2017-07-27,503354,2345,0,0
2017-07-28,505876,2522,0,0
2017-07-29,508606,2730,0,0
2017-07-30,511300,2694,0,0
2017-07-31,513788,2488,0,0
2017-08-01,516041,2253,0,0
2017-08-02,518122,2081,0,0
2017-08-03,520275,2153,0,0
2017-08-04,522393,2118,0,0
2017-08-05,524822,2429,0,0
2017-08-06,527389,2567,0,0
2017-08-07,529820,2431,0,0
2017-08-08,531982,2162,0,0
2017-08-09,534338,2356,0,0
2017-08-10,536653,2315,0,0
2017-08-11,538860,2207,0,0
2017-08-13,543808,4948,0,0
2017-08-14,546375,2567,0,0
2017-08-15,548568,2193,0,0
2017-08-16,551206,2638,0,0
2017-08-17,553927,2721,0,0
2017-08-18,555777,1850,0,0
2017-08-19,558689,2912,0,0
2017-08-20,562150,3461,0,0
2017-08-21,565643,3493,0,0
2017-08-22,569207,3564,0,0
2017-08-23,576283,7076,0,0
2017-08-24,581871,5588,0,0
2017-08-27,596983,15112,0,0
2017-08-28,601744,4761,0,0
2017-08-29,605409,3665,0,0
2017-08-31,612701,7292,0,0
2017-09-01,616339,3638,0,0
2017-09-02,620047,3708,0,0
2017-09-03,623522,3475,0,0
2017-09-04,626247,2725,0,0
2017-09-05,628840,2593,0,0
2017-09-06,631206,2366,0,0
2017-09-07,634556,3350,0,0
2017-09-08,638414,3858,0,0
2017-09-09,642884,4470,0,0
2017-09-10,648159,5275,0,0
2017-09-12,656473,8314,0,0
2017-09-13,660114,3641,0,0
2017-09-14,663960,3846,0,0
2017-09-15,667640,3680,0,0
2017-09-16,672011,4371,0,0
2017-09-17,677935,5924,0,0
2017-09-18,683921,5986,0,0
2017-09-19,701399,17478,0,0
2017-09-20,709125,7726,0,0
2017-09-21,716107,6982,0,0
2017-09-22,722146,6039,0,0
2017-09-23,727221,5075,0,0
2017-09-24,732782,5561,0,0
2017-09-25,737637,4855,0,0
2017-09-26,741668,4031,0,0
2017-09-27,745552,3884,0,0
2017-09-28,749330,3778,0,0
2017-09-29,753441,4111,0,0
2017-09-30,757902,4461,0,0
2017-10-01,762764,4862,0,0
2017-10-02,767293,4529,0,0
2017-10-03,770853,3560,0,0
2017-10-04,774508,3655,0,0
2017-10-05,778267,3759,0,0
2017-10-06,782158,3891,0,0
2017-10-07,786504,4346,0,0
2017-10-08,791541,5037,0,0
2017-10-09,796337,4796,0,0
2017-10-10,800398,4061,0,0
2017-10-11,804337,3939,0,0
2017-10-12,808442,4105,0,0
2017-10-13,812178,3736,0,0
2017-10-14,816275,4097,0,0
2017-10-15,820936,4661,0,0
2017-10-16,825472,4536,0,0
2017-10-17,829389,3917,0,0
2017-10-18,833006,3617,0,0
2017-10-19,836500,3494,0,0
2017-10-20,840046,3546,0,0
2017-10-21,844119,4073,0,0
2017-10-22,848892,4773,0,0
2017-10-23,853397,4505,0,0
2017-10-24,857178,3781,0,0
2017-10-25,860732,3554,0,0
2017-10-26,864644,3912,0,0
2017-10-27,868478,3834,0,0
2017-10-28,872518,4040,0,0
2017-10-29,877006,4488,0,0
2017-10-30,881317,4311,0,0
2017-10-31,885361,4044,0,0
2017-11-01,888758,3397,0,0
2017-11-02,892446,3688,0,0
2017-11-03,896334,3888,0,0
2017-11-05,905525,9191,0,0
2017-11-06,910109,4584,0,0
2017-11-08,917803,7694,0,0
2017-11-09,921588,3785,0,0
2017-11-10,925532,3944,0,0
2017-11-11,930023,4491,0,0
2017-11-12,935086,5063,0,0
2017-11-13,939948,4862,0,0
2017-11-14,943930,3982,0,0
2017-11-15,947759,3829,0,0
2017-11-16,951709,3950,0,0
2017-11-17,955455,3746,0,0
2017-11-18,960038,4583,0,0
2017-11-19,965385,5347,0,0
2017-11-20,970068,4683,0,0
2017-11-21,974336,4268,0,0
2017-11-22,979030,4694,0,0
2017-11-23,983814,4784,0,0
2017-11-24,988614,4800,0,0
2017-11-25,996496,7882,0,0
2017-11-26,1003383,6887,0,0
2017-11-27,1009082,5699,0,0
2017-11-28,1013355,4273,0,0
2017-11-29,1017326,3971,0,0
2017-11-30,1021458,4132,0,0
2017-12-01,1026081,4623,0,0
2017-12-02,1030846,4765,0,0
2017-12-03,1036204,5358,0,0
2017-12-04,1041200,4996,0,0
2017-12-05,1045359,4159,0,0
2017-12-06,1050551,5192,0,0
2017-12-07,1056329,5778,0,0
2017-12-08,1061718,5389,0,0
2017-12-09,1067035,5317,0,0
2017-12-10,1072848,5813,0,0
2017-12-11,1078255,5407,0,0
2017-12-12,1082757,4502,0,0
2017-12-13,1087314,4557,0,0
2017-12-17,1109714,22400,0,0
2017-12-18,1115149,5435,0,0
2017-12-19,1120059,4910,0,0
2017-12-20,1124695,4636,0,0
2017-12-21,1129605,4910,0,0
2017-12-22,1134623,5018,0,0
2017-12-23,1140179,5556,0,0
2017-12-24,1145892,5713,0,0
2017-12-26,1158453,12561,0,0
2017-12-27,1166088,7635,0,0
2017-12-28,1172592,6504,0,0
2017-12-29,1178302,5710,0,0
2017-12-30,1183861,5559,0,0
2017-12-31,1189362,5501,0,0
2018-01-01,1194798,5436,0,0
2018-01-04,1210602,15804,0,0
2018-01-05,1215682,5080,0,0
2018-01-06,1220996,5314,0,0
2018-01-07,1227139,6143,0,0
2018-01-09,1237810,10671,0,0
2018-01-11,1247504,9694,0,0
2018-01-12,1252466,4962,0,0
2018-01-13,1258038,5572,0,0
2018-01-14,1264236,6198,0,0
2018-01-15,1270059,5823,0,0
2018-01-16,1275070,5011,0,0
2018-01-17,1279839,4769,0,0
2018-01-18,1284532,4693,0,0
2018-01-19,1289608,5076,0,0
2018-01-20,1295192,5584,0,0
2018-01-21,1301607,6415,0,0
2018-01-22,1307467,5860,0,0
2018-01-23,1312738,5271,0,0
2018-01-24,1318664,5926,0,0
2018-01-25,1324206,5542,0,0
2018-01-26,1329810,5604,0,0
2018-01-27,1335717,5907,0,0
2018-01-28,1342402,6685,0,0
2018-01-29,1348456,6054,0,0
2018-01-31,1359158,10702,0,0
2018-02-01,1365006,5848,0,0
2018-02-02,1370752,5746,0,0
2018-02-03,1377102,6350,0,0
2018-02-04,1384070,6968,0,0
2018-02-05,1390433,6363,0,0
2018-02-06,1395735,5302,0,0
2018-02-07,1400942,5207,0,0
2018-02-08,1406311,5369,0,0
2018-02-09,1411991,5680,0,0
2018-02-10,1418284,6293,0,0
2018-02-11,1425203,6919,0,0
2018-02-12,1431754,6551,0,0
2018-02-13,1437296,5542,0,0
2018-02-14,1442437,5141,0,0
2018-02-15,1447673,5236,0,0
2018-02-16,1453429,5756,0,0
2018-02-17,1459604,6175,0,0
2018-02-18,1466442,6838,0,0
2018-02-19,1472841,6399,0,0
2018-02-20,1478198,5357,0,0
2018-02-21,1483089,4891,0,0
2018-02-22,1488945,5856,0,0
2018-02-23,1494650,5705,0,0
2018-02-24,1500870,6220,0,0
2018-02-25,1507800,6930,0,0
2018-02-26,1514225,6425,0,0
2018-02-27,1519478,5253,0,0
2018-02-28,1524628,5150,0,0
2018-03-01,1529933,5305,0,0
2018-03-02,1538507,8574,0,0
2018-03-03,1546223,7716,0,0
2018-03-04,1554052,7829,0,0
2018-03-05,1560691,6639,0,0
2018-03-06,1566501,5810,0,0
2018-03-07,1572433,5932,0,0
2018-03-08,1578585,6152,0,0
2018-03-09,1585247,6662,0,0
2018-03-10,1592060,6813,0,0
2018-03-11,1599899,7839,0,0
2018-03-12,1606900,7001,0,0
2018-03-13,1615664,8764,0,0
2018-03-16,1649127,33463,0,0
2018-03-17,1657741,8614,0,0
2018-03-18,1667214,9473,0,0
2018-03-19,1675483,8269,0,0
2018-03-20,1681910,6427,0,0
2018-03-21,1688342,6432,0,0
2018-03-22,1695131,6789,0,0
2018-03-23,1701931,6800,0,0
2018-03-24,1709050,7119,0,0
2018-03-25,1717211,8161,0,0
2018-03-26,1724784,7573,0,0
2018-03-27,1731354,6570,0,0
2018-04-04,1807852,76498,1792051,
2018-04-05,1815909,8057,1775068,-16983
2018-04-06,1820216,4307,1775068,0
2018-04-07,1828990,8774,1775068,0
2018-04-08,1836911,7921,1775068,0
2018-04-09,1844075,7164,1775068,0
2018-04-10,1850930,6855,1775068,0
2018-04-11,1858101,7171,1818291,43223
2018-04-12,1865046,6945,1818291,0
2018-04-13,1871918,6872,1818291,0
2018-04-14,1879034,7116,1818291,0
2018-04-15,1886884,7850,1818291,0
2018-04-16,1893659,6775,1816319,-1972
2018-04-17,1900394,6735,1816319,0
2018-04-18,1906927,6533,1816319,0
2018-04-19,1913333,6406,1816319,0
2018-04-20,1919764,6431,1816319,0
2018-04-21,1927209,7445,1829297,12978
2018-04-22,1935078,7869,1829297,0
2018-04-23,1942022,6944,1829297,0
2018-04-24,1948302,6280,1829297,0
2018-04-25,1954579,6277,1829297,0
2018-04-26,1960701,6122,1824311,-4986
2018-04-27,1967018,6317,1824311,0
2018-04-28,1974175,7157,1824311,0
2018-04-29,1980950,6775,1824311,0
2018-04-30,1987273,6323,1824311,0
2018-05-02,1999732,12459,1821351,-2960
2018-05-03,2004715,4983,1821351,0
2018-05-04,2009853,5138,1808012,-13339
2018-05-05,2015933,6080,1808012,0
2018-05-06,2022387,6454,1808012,0
2018-05-07,2028031,5644,1808012,0
2018-05-08,2033766,5735,1781575,-26437
2018-05-09,2039305,5539,1781575,0
2018-05-10,2043334,4029,1781575,0
2018-05-11,2048628,5294,1781575,0
2018-05-12,2054929,6301,1781575,0
2018-05-13,2062108,7179,1762894,-18681
2018-05-14,2066985,4877,1762894,0
2018-05-15,2073839,6854,1762894,0
2018-05-17,2087143,13304,1762894,0
2018-05-18,2109926,22783,1755680,-7214
2018-05-19,2128352,18426,1755680,0
2018-05-20,2140827,12475,1755680,0
2018-05-21,2149400,8573,1755680,0
2018-05-23,2164061,14661,1800748,45068
2018-05-24,2171260,7199,1800748,0
2018-05-25,2180563,9303,1800748,0
2018-05-26,2188194,7631,1800748,0
2018-05-27,2197709,9515,1839490,38742
2018-05-28,2204847,7138,1839490,0
2018-05-29,2212106,7259,1839490,0
2018-05-30,2220988,8882,1839490,0
2018-05-31,2227373,6385,1839490,0
2018-06-01,2233672,6299,1854250,14760
2018-06-02,2242339,8667,1854250,0
2018-06-03,2251942,9603,1854250,0
2018-06-04,2262419,10477,1854250,0
2018-06-06,2281282,18863,1873109,18859
2018-06-07,2286673,5391,1873109,0
2018-06-08,2295285,8612,1873109,0
2018-06-09,2305891,10606,1873109,0
2018-06-10,2314685,8794,1873109,0
2018-06-11,2326347,11662,1882551,9442
2018-06-12,2332144,5797,1882551,0
2018-06-13,2341997,9853,1882551,0
2018-06-15,2355153,13156,1885524,2973
2018-06-16,2401591,46438,1885524,0
2018-06-17,2419784,18193,1885524,0
2018-06-18,2434207,14423,1885524,0
2018-06-20,2454039,19832,2436451,550927
2018-06-21,2474685,20646,2436451,0
2018-06-23,2489936,15251,2436451,0
2018-06-25,2514891,24955,3071857,635406
2018-06-26,2532040,17149,3071857,0
2018-06-27,2542477,10437,3071857,0
2018-06-29,2585692,43215,3585503,513646
2018-07-01,2612154,26462,3585503,0
2018-07-02,2609499,-2655,3585503,0
2018-07-03,2630144,20645,3865490,279987
2018-07-04,2622226,-7918,3865490,0
2018-07-05,2651602,29376,3865490,0
2018-07-06,2661941,10339,3865490,0
2018-07-07,2676133,14192,3865490,0
2018-07-08,2689706,13573,4255649,390159
2018-07-09,2692593,2887,4255649,0
2018-07-10,2702008,9415,4255649,0
2018-07-12,2728476,26468,4255649,0
2018-07-19,2782359,53883,4710846,455197
2018-07-20,2789799,7440,4710846,0
2018-07-21,2805565,15766,4710846,0
2018-07-24,2836654,31089,4593465,-117381
2018-07-25,2843740,7086,4593465,0
2018-07-27,2858492,14752,4533761,-59704
2018-07-28,2874569,16077,4533761,0
2018-07-29,2886902,12333,4533761,0
2018-07-30,2896168,9266,4533761,0
2018-07-31,2905405,9237,4533761,0
2018-08-01,2914775,9370,4507600,-26161
2018-08-02,2923908,9133,4501654,-5946
2018-08-03,2934781,10873,4501654,0
2018-08-04,2946454,11673,4501654,0
2018-08-05,2958294,11840,4501654,0
2018-08-06,2967941,9647,4501654,0
2018-08-07,2977341,9400,4479851,-21803
2018-08-08,2986395,9054,4479851,0
2018-08-09,2995821,9426,4479851,0
2018-08-10,3005307,9486,4461447,-18404
2018-08-11,3016644,11337,4461447,0
2018-08-12,3028768,12124,4461447,0
2018-08-13,3038590,9822,4461447,0
2018-08-16,3066257,27667,4442944,-18503
2018-08-17,3077172,10915,4442944,0
2018-08-20,3108353,31181,4419809,-23135
2018-08-24,3163377,55024,4415620,-4189
2018-08-29,3215354,51977,4419809,4189
2018-08-30,3221757,6403,4419809,0
2018-09-06,3283587,61830,4403419,-16390
2018-09-08,3303652,20065,4369258,-34161
2018-09-09,3320377,16725,4369258,0
2018-09-10,3329174,8797,4369258,0
2018-09-11,3338433,9259,4342382,-26876
2018-09-12,3347023,8590,4342382,0
2018-09-13,3352944,5921,4342382,0
2018-09-14,3362571,9627,4342382,0
2018-09-15,3373086,10515,4342382,0
2018-09-16,3384020,10934,4342382,0
2018-09-17,3393040,9020,4303740,-38642
2018-09-18,3399427,6387,4303740,0
2018-09-19,3409170,9743,4303740,0
2018-09-20,3416943,7773,4303740,0
2018-09-21,3425601,8658,4242133,-61607
2018-09-22,3435475,9874,4242133,0
2018-09-23,3446500,11025,4242133,0
2018-09-24,3455301,8801,4242133,0
2018-09-25,3462522,7221,4119880,-122253
2018-09-26,3469881,7359,4119880,0
2018-09-27,3478250,8369,4119880,0
2018-09-28,3487265,9015,4119880,0
2018-09-29,3498335,11070,4119880,0
2018-09-30,3508634,10299,4053663,-66217
2018-10-01,3516839,8205,4053663,0
2018-10-02,3525506,8667,4053663,0
2018-10-03,3534024,8518,4053663,0
2018-10-04,3542584,8560,4027122,-26541
2018-10-06,3563441,20857,4027122,0
2018-10-07,3573949,10508,4027122,0
2018-10-08,3583490,9541,4027122,0
2018-10-09,3591950,8460,3965035,-62087
2018-10-10,3597052,5102,3965035,0
2018-10-11,3603938,6886,3965035,0
2018-10-12,3613933,9995,3965035,0
2018-10-13,3625770,11837,3965035,0
2018-10-14,3637528,11758,3897619,-67416
2018-10-15,3647826,10298,3897619,0
2018-10-16,3657103,9277,3897619,0
2018-10-17,3667262,10159,3897619,0
2018-10-18,3674970,7708,3897619,0
2018-10-19,3691705,16735,3855206,-42413
2018-10-20,3705748,14043,3855206,0
2018-10-21,3719701,13953,3855206,0
2018-10-22,3731105,11404,3855206,0
2018-10-23,3742360,11255,3855206,0
2018-10-24,3752508,10148,3855206,0
2018-10-25,3762420,9912,6842306,2987100
2018-10-26,3774347,11927,6842306,0
2018-10-27,3786799,12452,6842306,0
2018-10-28,3799201,12402,6842306,0
2018-10-29,3810380,11179,6842306,0
2018-10-30,3820131,9751,10351440,3509134
2018-10-31,3829804,9673,10351440,0
2018-11-01,3839045,9241,10351440,0
2018-11-02,3850029,10984,10351440,0
2018-11-04,3888464,38435,12713582,2362142
2018-11-07,3913175,24711,12713582,0
2018-11-08,3924497,11322,12713582,0
2018-11-09,3936421,11924,14596991,1883409
2018-11-10,3949956,13535,14596991,0
2018-11-11,3964956,15000,14596991,0
2018-11-12,3978500,13544,14596991,0
2018-11-13,3992627,14127,16297274,1700283
2018-11-14,4009587,16960,16582181,284907
2018-11-15,4026168,16581,16889742,307561
2018-11-16,4041377,15209,17183836,294094
2018-11-17,4058059,16682,17453701,269865
2018-11-18,4076544,18485,17269190,-184511
2018-11-19,4094166,17622,17303315,34125
2018-11-20,4110116,15950,17347816,44501
2018-11-21,4126776,16660,17346216,-1600
2018-11-22,4141444,14668,17280436,-65780
2018-11-23,4156494,15050,17187665,-92771
2018-11-24,4173362,16868,17054624,-133041
2018-11-25,4192271,18909,16894214,-160410
2018-11-26,4209478,17207,16739279,-154935
2018-11-27,4223818,14340,16621138,-118141
2018-11-28,4237570,13752,16529375,-91763
2018-11-29,4250100,12530,16462902,-66473
2018-11-30,4263346,13246,16374973,-87929
2018-12-01,4278197,14851,16284577,-90396
2018-12-02,4293952,15755,16176053,-108524
2018-12-03,4308653,14701,16094623,-81430
2018-12-04,4321505,12852,16022789,-71834
2018-12-05,4334230,12725,15944567,-78222
2018-12-06,4348129,13899,15845092,-99475
2018-12-07,4361635,13506,15741888,-103204
2018-12-08,4376795,15160,15645441,-96447
2018-12-09,4393339,16544,15521855,-123586
2018-12-10,4408342,15003,15386307,-135548
2018-12-11,4421772,13430,15290628,-95679
2018-12-12,4434623,12851,15190737,-99891
2018-12-13,4447141,12518,15073500,-117237
2018-12-14,4461478,14337,14948435,-125065
2018-12-15,4476001,14523,14826857,-121578
2018-12-16,4491078,15077,14709418,-117439
2018-12-17,4505398,14320,14570763,-138655
2018-12-18,4518730,13332,14451072,-119691
2018-12-19,4532320,13590,14333873,-117199
2018-12-20,4546595,14275,14221793,-112080
2018-12-21,4560512,13917,14106694,-115099
2018-12-22,4574769,14257,14007483,-99211
2018-12-23,4589838,15069,13918649,-88834
2018-12-24,4604214,14376,13812565,-106084
2018-12-25,4618068,13854,13725424,-87141
2018-12-26,4632574,14506,13656683,-68741
2018-12-27,4647571,14997,13549689,-106994
2018-12-28,4661959,14388,13472241,-77448
2018-12-29,4676073,14114,13423770,-48471
2018-12-30,4689686,13613,13412076,-11694
2018-12-31,4703871,14185,13397607,-14469
2019-01-01,4716690,12819,13403461,5854
2019-01-02,4728503,11813,13565038,161577
2019-01-03,4744017,15514,13553472,-11566
2019-01-04,4754786,10769,13581865,28393
2019-01-05,4768569,13783,13645886,64021
2019-01-06,4783360,14791,13720206,74320
2019-01-07,4796959,13599,13795464,75258
2019-01-08,4809183,12224,13848688,53224
2019-01-09,4822075,12892,13900563,51875
2019-01-10,4833245,11170,13941661,41098
2019-01-11,4846320,13075,13976814,35153
2019-01-12,4860349,14029,14014846,38032
2019-01-13,4876613,16264,14049946,35100
2019-01-14,4890800,14187,14084097,34151
2019-01-15,4902788,11988,14123182,39085
2019-01-16,4915947,13159,14133924,10742
2019-01-17,4927042,11095,14116663,-17261
2019-01-18,4939755,12713,14123734,7071
2019-01-19,4953853,14098,14119587,-4147
2019-01-20,4970577,16724,14091828,-27759
2019-01-21,4985828,15251,14065067,-26761
2019-01-22,4998765,12937,14035306,-29761
2019-01-23,5011147,12382,13985281,-50025
2019-01-24,5024139,12992,13964448,-20833
2019-01-25,5034902,10763,13907960,-56488
2019-01-26,5050340,15438,13832508,-75452
2019-01-27,5063597,13257,13767174,-65334
2019-01-28,5077632,14035,13694013,-73161
2019-01-29,5089496,11864,13596291,-97722
2019-01-30,5100842,11346,13338360,-257931
2019-01-31,5113684,12842,13246293,-92067
2019-02-01,5126753,13069,13125110,-121183
2019-02-02,5141142,14389,12982374,-142736
2019-02-03,5157936,16794,12828566,-153808
2019-02-04,5173038,15102,12688890,-139676
2019-02-05,5187219,14181,12576608,-112282
2019-02-06,5201968,14749,12461522,-115086
2019-02-07,5215051,13083,12349605,-111917
2019-02-08,5228410,13359,12220235,-129370
2019-02-09,5242886,14476,12093857,-126378
2019-02-10,5259259,16373,11980683,-113174
2019-02-11,5274978,15719,11864704,-115979
2019-02-12,5285709,10731,11753735,-110969
2019-02-13,5297591,11882,11660241,-93494
2019-02-14,5309936,12345,11584288,-75953
2019-02-15,5319226,9290,11500311,-83977
2019-02-16,5331173,11947,11383216,-117095
2019-02-17,5345553,14380,11306114,-77102
2019-02-18,5358149,12596,11258632,-47482
2019-02-19,5368833,10684,11218248,-40384
2019-02-20,5380659,11826,11176302,-41946
2019-02-21,5390139,9480,11148642,-27660
2019-02-22,5400426,10287,11116699,-31943
2019-02-24,5428330,27904,10994603,-122096
2019-02-25,5440589,12259,10959983,-34620
2019-02-26,5450571,9982,10933524,-26459
2019-02-27,5462707,12136,10911322,-22202
2019-03-02,5499704,36997,10825258,-86064
2019-03-03,5514399,14695,10801843,-23415
2019-03-04,5527096,12697,10777365,-24478
2019-03-05,5540292,13196,10749186,-28179
2019-03-06,5550246,9954,10727130,-22056
2019-03-07,5563487,13241,10704697,-22433
2019-03-08,5575449,11962,10670330,-34367
2019-03-09,5587716,12267,10639181,-31149
2019-03-10,5601882,14166,10593126,-46055
2019-03-11,5614460,12578,10549169,-43957
2019-03-12,5624891,10431,10508745,-40424
2019-03-13,5634797,9906,10456544,-52201
2019-03-14,5645116,10319,10402514,-54030
2019-03-15,5655621,10505,10344499,-58015
2019-03-16,5667617,11996,10300099,-44400
2019-03-17,5681167,13550,10250485,-49614
2019-03-18,5693440,12273,10208600,-41885
2019-03-19,5704760,11320,10177172,-31428
2019-03-20,5715269,10509,10138094,-39078
2019-03-21,5725676,10407,10100348,-37746
2019-03-22,5737907,12231,10054035,-46313
2019-03-23,5749658,11751,10013921,-40114
2019-03-24,5763347,13689,9988981,-24940
2019-03-25,5775647,12300,9944418,-44563
2019-03-26,5787581,11934,9910614,-33804
2019-03-27,5799190,11609,9874827,-35787
2019-03-28,5810513,11323,9844593,-30234
2019-03-29,5822813,12300,9814141,-30452
2019-03-30,5837536,14723,9784118,-30023
2019-03-31,5850560,13024,9764154,-19964
2019-04-01,5861540,10980,9746551,-17603
2019-04-02,5874281,12741,9729558,-16993
2019-04-03,5884367,10086,9717436,-12122
2019-04-04,5898363,13996,9706556,-10880
2019-04-05,5937609,39246,9704908,-1648
2019-04-06,5967293,29684,9823856,118948
2019-04-07,5993372,26079,10415208,591352
2019-04-08,6013739,20367,10916568,501360
2019-04-09,6032282,18543,11371406,454838
2019-04-10,6050715,18433,11828741,457335
2019-04-11,6069333,18618,12298176,469435
2019-04-13,6120705,51372,13337533,1039357
2019-04-15,6179797,59092,14239875,902342
2019-04-17,6213095,33298,14953599,713724
2019-04-19,6249334,36239,15637871,684272
2019-04-23,6323063,73729,16734637,1096766
2019-04-26,6372394,49331,17428672,694035
2019-04-27,6391570,19176,17637680,209008
2019-04-28,6409060,17490,17821761,184081
2019-04-29,6427199,18139,18015062,193301
2019-04-30,6442873,15674,18177027,161965
2019-05-01,6459956,17083,18339442,162415
2019-05-02,6479851,19895,18512402,172960
2019-05-03,6496900,17049,18691998,179596
2019-05-04,6515520,18620,18825768,133770
2019-05-05,6543909,28389,18742278,-83490
2019-05-06,6565195,21286,18618905,-123373
2019-05-07,6576349,11154,18618905,0
2019-05-08,6591341,14992,18547044,-71861
2019-05-09,6618643,27302,18323383,-223661
2019-05-10,6621443,2800,18323383,0
2019-05-11,6639740,18297,18136095,-187288
2019-05-12,6659875,20135,17972153,-163942
2019-05-13,6680009,20134,17819726,-152427
2019-05-15,6726671,46662,17553579,-266147
2019-05-19,6802413,75742,16864040,-689539
2019-05-20,6819003,16590,16755483,-108557
2019-05-23,6860176,41173,16536428,-219055
2019-05-26,6908998,48822,16229431,-306997
2019-05-29,6968359,59361,15993162,-236269
2019-06-01,7026535,58176,15731839,-261323
2019-06-04,7083816,57281,15275641,-456198
2019-06-07,7129515,45699,14816947,-458694
2019-06-10,7186413,56898,14365175,-451772
2019-06-13,7234164,47751,13946378,-418797
2019-06-16,7289300,55136,13513957,-432421
2019-06-18,7322953,33653,13261003,-252954
2019-06-20,7354991,32038,13014856,-246147
2019-06-21,7371752,16761,12875655,-139201
2019-06-22,7390442,18690,12739260,-136395
2019-06-23,7410109,19667,12617739,-121521
2019-06-24,7428836,18727,12503315,-114424
2019-06-25,7445449,16613,12399228,-104087
2019-06-26,7461199,15750,12285505,-113723
2019-06-27,7477046,15847,12168355,-117150
2019-06-28,7492939,15893,12050164,-118191
2019-06-29,7510222,17283,11916046,-134118
2019-06-30,7528173,17951,11860449,-55597
2019-07-01,7545471,17298,11823154,-37295
2019-07-02,7561235,15764,11796378,-26776
2019-07-03,7577432,16197,11780172,-16206
2019-07-04,7593557,16125,11760150,-20022
2019-07-05,7610288,16731,11746950,-13200
2019-07-06,7628111,17823,11735982,-10968
2019-07-07,7647016,18905,11704047,-31935
2019-07-08,7665197,18181,11667254,-36793
2019-07-09,7681254,16057,11640339,-26915
2019-07-10,7697054,15800,11628368,-11971
2019-07-11,7713904,16850,11617128,-11240
2019-07-12,7729790,15886,11610721,-6407
2019-07-13,7746505,16715,11604839,-5882
2019-07-14,7764686,18181,11592927,-11912
2019-07-15,7782148,17462,11575513,-17414
2019-07-16,7797169,15021,11560766,-14747
2019-07-17,7812237,15068,11548080,-12686
2019-07-18,7827421,15184,11531257,-16823
2019-07-19,7841895,14474,11518868,-12389
2019-07-22,7891197,49302,11437792,-81076
2019-07-23,7905522,14325,11409541,-28251
2019-07-24,7919024,13502,11388850,-20691
2019-07-25,7932209,13185,11355699,-33151
2019-07-26,7947412,15203,11318201,-37498
2019-07-27,7963453,16041,11285259,-32942
2019-07-28,7981308,17855,11248743,-36516
2019-07-29,7998895,17587,11210158,-38585
2019-07-30,8014579,15684,11174685,-35473
2019-07-31,8029750,15171,11142725,-31960
2019-08-01,8044000,14250,11111398,-31327
2019-08-02,8058930,14930,11079922,-31476
2019-08-03,8074934,16004,11050526,-29396
2019-08-04,8092725,17791,11013574,-36952
2019-08-05,8109387,16662,10985018,-28556
2019-08-06,8124025,14638,10945769,-39249
2019-08-07,8139762,15737,10913993,-31776
2019-08-08,8153027,13265,10873872,-40121
2019-08-09,8167862,14835,10830478,-43394
2019-08-10,8184215,16353,10793162,-37316
2019-08-11,8202509,18294,10773697,-19465
2019-08-13,8235963,33454,10713448,-60249
2019-08-14,8251080,15117,10692258,-21190
2019-08-15,8265792,14712,10660173,-32085
2019-08-16,8281206,15414,10621025,-39148
2019-08-17,8297130,15924,10584258,-36767
2019-08-18,8314893,17763,10560835,-23423
2019-08-19,8332662,17769,10534512,-26323
2019-08-20,8347222,14560,10506840,-27672
2019-08-21,8361629,14407,10476655,-30185
2019-08-22,8376549,14920,10448887,-27768
2019-08-23,8390741,14192,10422676,-26211
2019-08-24,8406334,15593,10391862,-30814
2019-08-25,8424245,17911,10349805,-42057
2019-08-26,8442401,18156,10306569,-43236
2019-08-27,8457065,14664,10296943,-9626
2019-08-28,8471207,14142,10273288,-23655
2019-08-29,8485137,13930,10239797,-33491
2019-08-30,8499387,14250,10206424,-33373
2019-08-31,8514294,14907,10175842,-30582
2019-09-01,8531987,17693,10151565,-24277
2019-09-02,8549852,17865,10132650,-18915
2019-09-03,8564146,14294,10119576,-13074
2019-09-04,8577354,13208,10091181,-28395
2019-09-05,8590423,13069,10070265,-20916
2019-09-06,8603731,13308,10041101,-29164
2019-09-07,8617970,14239,10009954,-31147
2019-09-08,8635084,17114,9977373,-32581
2019-09-09,8652122,17038,9955929,-21444
2019-09-10,8664782,12660,9940281,-15648
2019-09-11,8677188,12406,9902206,-38075
2019-09-12,8690258,13070,9869711,-32495
2019-09-13,8702929,12671,9848305,-21406
2019-09-14,8716367,13438,9821909,-26396
2019-09-15,8732701,16334,9794264,-27645
2019-09-16,8748938,16237,9779881,-14383
2019-09-17,8761531,12593,9761056,-18825
2019-09-18,8774118,12587,9734480,-26576
2019-09-19,8786743,12625,9705155,-29325
2019-09-20,8799287,12544,9681741,-23414
2019-09-21,8812863,13576,9651334,-30407
2019-09-22,8829185,16322,9634569,-16765
2019-09-23,8845276,16091,9632518,-2051
2019-09-25,8869320,24044,9584853,-47665
2019-09-26,8880791,11471,9560416,-24437
2019-09-27,8881139,348,9548568,-11848
2019-09-29,8905961,24822,9507540,-41028
2019-10-01,8937319,31358,9468151,-39389
2019-10-02,8949113,11794,9448992,-19159
2019-10-03,8960004,10891,9420972,-28020
2019-10-04,8971067,11063,9398836,-22136
2019-10-05,8982155,11088,9369430,-29406
2019-10-06,8994972,12817,9351800,-17630
2019-10-07,9010628,15656,9333672,-18128
2019-10-08,9025902,15274,9315485,-18187
2019-10-09,9038098,12196,9302237,-13248
2019-10-10,9051059,12961,9279137,-23100
2019-10-11,9063546,12487,9254407,-24730
2019-10-14,9123034,59488,9189607,-64800
2019-10-15,9135490,12456,9161005,-28602
2019-10-16,9135490,0,9142162,-18843
2019-10-17,9148074,12584,9122069,-20093
2019-10-18,9160834,12760,9108455,-13614
2019-10-19,9174216,13382,9098915,-9540
2019-10-20,9188687,14471,9103534,4619
2019-10-21,9205704,17017,9094805,-8729
2019-10-22,9221740,16036,9079463,-15342
2019-10-23,9235212,13472,9075976,-3487
2019-10-24,9248377,13165,9073755,-2221
2019-10-25,9274163,25786,9071945,-1810
2019-10-26,9274163,0,9072398,453
2019-10-27,9287924,13761,9068447,-3951
2019-10-28,9302646,14722,9056544,-11903
2019-10-29,9317260,14614,9039920,-16624
2019-10-30,9329475,12215,9027698,-12222
2019-10-31,9341302,11827,9021237,-6461
2019-11-01,9352585,11283,9005719,-15518
2019-11-02,9364263,11678,9005719,0
2019-11-03,9377552,13289,8981588,-24131
2019-11-04,9393051,15499,8960175,-21413
2019-11-05,9407638,14587,8939833,-20342
2019-11-06,9418900,11262,8939833,0
2019-11-07,9429481,10581,8921314,-18519
2019-11-08,9440709,11228,8910505,-10809
2019-11-09,9452208,11499,8899257,-11248
2019-11-10,9465132,12924,8888725,-10532
2019-11-11,9480607,15475,8887577,-1148
2019-11-12,9495082,14475,8886549,-1028
2019-11-13,9505899,10817,8883262,-3287
2019-11-14,9516918,11019,8873537,-9725
2019-11-15,9528580,11662,8873537,0
2019-11-17,9553168,24588,8814004,-59533
2019-11-18,9567585,14417,8793962,-20042
2019-11-19,9581921,14336,8780614,-13348
2019-11-20,9593223,11302,8763018,-17596
2019-11-21,9604061,10838,8742695,-20323
2019-11-22,9615692,11631,8719725,-22970
2019-11-23,9626741,11049,8698538,-21187
2019-11-24,9639502,12761,8669407,-29131
2019-11-25,9654392,14890,8648196,-21211
2019-11-26,9668871,14479,8629365,-18831
2019-11-27,9680159,11288,8621251,-8114
2019-11-28,9691457,11298,8603416,-17835
2019-11-29,9703171,11714,8590097,-13319
2019-11-30,9715828,12657,8564716,-25381
2019-12-01,9728584,12756,8544986,-19730
2019-12-03,9770202,41618,8524642,-20344
2019-12-04,9770202,0,8510263,-14379
2019-12-07,9809352,39150,8568788,58525
2019-12-08,9827539,18187,8662568,93780
2019-12-09,9845197,17658,8724641,62073
2019-12-10,9860787,15590,8769185,44544
2019-12-12,9887145,26358,8853699,84514
2019-12-13,9899759,12614,8879649,25950
2019-12-15,9926055,26296,8921731,42082
2019-12-16,9941576,15521,8938617,16886
2019-12-17,9956501,14925,8950798,12181
2019-12-18,9969528,13027,8974455,23657
2019-12-19,9982756,13228,8994135,19680
2019-12-20,9995587,12831,9015684,21549
2019-12-21,10006097,10510,9030936,15252
2019-12-22,10017361,11264,9042900,11964
2019-12-27,10089125,71764,9115440,72540
2019-12-28,10089125,0,9115440,0
2019-12-29,10101578,12453,9138194,22754
2019-12-30,10113080,11502,9155858,17664
2019-12-31,10124112,11032,9173359,17501
2020-01-01,10135242,11130,9213227,39868
2020-01-02,10145519,10277,9286165,72938
2020-01-03,10154764,9245,9287530,1365
2020-01-04,10164577,9813,9248909,-38621
2020-01-05,10175332,10755,9206575,-42334
2020-01-06,10186079,10747,9175135,-31440
2020-01-07,10196308,10229,9146949,-28186
2020-01-08,10205735,9427,9127567,-19382
2020-01-09,10215171,9436,9112487,-15080
2020-01-10,10224110,8939,9097478,-15009
2020-01-11,10233653,9543,9075756,-21722
2020-01-12,10244003,10350,9059316,-16440
2020-01-13,10255691,11688,9054298,-5018
2020-01-14,10267429,11738,9046634,-7664
2020-01-15,10276873,9444,9038429,-8205
2020-01-16,10285959,9086,9022418,-16011
2020-01-17,10295333,9374,9014477,-7941
2020-01-18,10305146,9813,9009143,-5334
2020-01-19,10319151,14005,9001887,-7256
2020-01-20,10332214,13063,8999687,-2200
2020-01-21,10344166,11952,8995439,-4248
2020-01-22,10353791,9625,8976762,-18677
2020-01-23,10363372,9581,8953696,-23066
2020-01-24,10373101,9729,8963411,9715
2020-01-25,10382865,9764,8961936,-1475
2020-01-26,10394554,11689,8953237,-8699
2020-01-27,10408989,14435,8937689,-15548
2020-01-28,10422718,13729,8915270,-22419
2020-01-30,10444632,21914,8790948,-124322
2020-01-31,10455767,11135,8782844,-8104
2020-02-01,10467043,11276,8774549,-8295
2020-02-03,10492709,25666,8775344,795
2020-02-04,10506140,13431,8773322,-2022
2020-02-05,10517311,11171,8762439,-10883
2020-02-06,10527923,10612,8752064,-10375
2020-02-07,10538516,10593,8746597,-5467
2020-02-08,10549937,11421,8744433,-2164
2020-02-09,10562130,12193,8728606,-15827
2020-02-10,10576410,14280,8720375,-8231
2020-02-12,10600645,24235,8705704,-14671
2020-02-13,10611631,10986,8700476,-5228
2020-02-14,10622683,11052,8697401,-3075
2020-02-15,10634322,11639,8701801,4400
2020-02-16,10645821,11499,8697203,-4598
2020-02-17,10660315,14494,8698052,849
2020-02-18,10686370,26055,8695800,-2252
2020-02-19,10686370,0,8691199,-4601
2020-02-20,10697199,10829,8684812,-6387
2020-02-21,10708836,11637,8690263,5451
2020-02-22,10721210,12374,8685659,-4604
2020-02-23,10744046,22836,8688237,2578
2020-02-24,10761751,17705,8693792,5555
2020-02-25,10777042,15291,8697868,4076
2020-02-26,10789336,12294,8701335,3467
2020-02-27,10801050,11714,8695845,-5490
2020-02-28,10811980,10930,8681432,-14413
2020-02-29,10822944,10964,8667820,-13612
2020-03-01,10834626,11682,8644961,-22859
2020-03-02,10848375,13749,8625984,-18977
2020-03-03,10861757,13382,8611244,-14740
2020-03-04,10872315,10558,8603864,-7380
2020-03-05,10882790,10475,8594235,-9629
2020-03-06,10893430,10640,8583865,-10370
2020-03-08,10916864,23434,8580174,-3691
2020-03-09,10930304,13440,8589046,8872
2020-03-10,10943731,13427,8592111,3065
2020-03-11,10954693,10962,8596368,4257
2020-03-13,10976374,21681,8584425,-11943
2020-03-14,10987315,10941,8567014,-17411
2020-03-15,10999570,12255,8546081,-20933
2020-03-16,11013064,13494,8535190,-10891
2020-03-17,11026403,13339,8525711,-9479
2020-03-18,11038747,12344,8521077,-4634
2020-03-19,11051399,12652,8514126,-6951
2020-03-20,11064840,13441,8514590,464
2020-03-21,11078417,13577,8513126,-1464
2020-03-22,11091616,13199,8502102,-11024
2020-03-23,11104403,12787,8489317,-12785
2020-03-24,11117246,12843,8485416,-3901
2020-03-25,11130170,12924,8490906,5490
2020-03-26,11143037,12867,8498298,7392
2020-03-27,11154862,11825,8508042,9744
2020-03-28,11167642,12780,8524111,16069
2020-03-29,11180134,12492,8534871,10760
2020-03-30,11193254,13120,8532513,-2358
2020-03-31,11205864,12610,8525126,-7387
2020-04-01,11219084,13220,8533421,8295
2020-04-02,11232439,13355,8537472,4051
2020-04-03,11245284,12845,8533477,-3995
2020-04-04,11259019,13735,8521229,-12248
2020-04-05,11272637,13618,8491903,-29326
2020-04-06,11286587,13950,8454816,-37087
2020-04-07,11300304,13717,8423886,-30930
2020-04-08,11314514,14210,8404781,-19105
2020-04-09,11327973,13459,8388164,-16617
2020-04-10,11341845,13872,8359109,-29055
2020-04-11,11355870,14025,8330806,-28303
2020-04-12,11369507,13637,8295143,-35663
2020-04-13,11383121,13614,8266359,-28784
2020-04-14,11396574,13453,8242161,-24198
2020-04-15,11410348,13774,8227404,-14757
2020-04-16,11424202,13854,8201672,-25732
2020-04-17,11438181,13979,8175446,-26226
2020-04-18,11452244,14063,8150171,-25275
2020-04-19,11465973,13729,8130636,-19535
2020-04-20,11479104,13131,8107237,-23399
2020-04-21,11492122,13018,8085881,-21356
2020-04-23,11519037,26915,8043247,-42634
2020-04-25,11546589,27552,8015080,-28167
2020-04-26,11559946,13357,7990405,-24675
2020-04-27,11573286,13340,7971465,-18940
2020-04-28,11586413,13127,7949910,-21555
2020-04-29,11599611,13198,7924669,-25241
2020-04-30,11609741,10130,7900437,-24232
2020-05-01,11611270,1529,7885171,-15266
2020-05-02,11547882,-63388,7865502,-19669
2020-05-03,11609741,61859,7900437,34935
2020-05-04,11609741,0,7900437,0
2020-05-05,11587821,-21920,7831813,-68624
2020-05-06,11587821,0,7831813,0
2020-05-07,11587821,0,7831813,0
2020-05-08,11587821,0,7831813,0
2020-05-09,11587821,0,7831813,0
2020-05-10,11664377,76556,7822456,-9357
2020-05-11,11664377,0,7822456,0
2020-05-12,11664377,0,7822456,0
2020-05-13,11664377,0,7822456,0
2020-05-14,11664377,0,7822456,0
2020-05-15,11733462,69085,7812871,-9585
2020-05-16,11748172,14710,7804403,-8468
2020-05-17,11733462,-14710,7812871,8468
2020-05-18,11733462,0,7812871,0
2020-05-19,11733462,0,7812871,0
2020-05-20,11748172,14710,7804403,-8468
2020-05-21,11806748,58576,7829691,25288
2020-05-22,11806748,0,7829691,0
2020-05-23,11806748,0,7829691,0
2020-05-24,11806748,0,7829691,0
2020-05-25,11901351,94603,7810755,-18936
2020-05-26,11901351,0,7810755,0
2020-05-27,11901351,0,7810755,0
2020-05-28,11901351,0,7810755,0
2020-05-29,11901351,0,7810755,0
2020-05-30,11992021,90670,8635331,824576
2020-05-31,11992021,0,8635331,0
2020-06-01,12011847,19826,8635331,0
2020-06-02,11992021,-19826,8635331,0
2020-06-03,11992021,0,8635331,0
2020-06-04,12073918,81897,13730010,5094679
2020-06-05,12073918,0,13730010,0
2020-06-06,12073918,0,13730010,0
2020-06-07,12073918,0,13730010,0
2020-06-08,12073918,0,13730010,0
2020-06-09,12143985,70067,17074643,3344633
2020-06-10,12143985,0,17074643,0
2020-06-11,12158098,14113,17074643,0
2020-06-12,12143985,-14113,17074643,0
2020-06-14,12199668,55683,18512374,1437731
2020-06-15,12199668,0,18512374,0
2020-06-16,12199668,0,18512374,0
2020-06-17,12199668,0,18512374,0
2020-06-18,12199668,0,18512374,0
2020-06-19,12268528,68860,19925577,1413203
2020-06-20,12268528,0,19925577,0
2020-06-21,12268528,0,19925577,0
2020-06-22,12268528,0,19925577,0
2020-06-23,12339112,70584,20814975,889398
2020-06-24,12369182,30070,20985095,170120
2020-06-25,12369182,0,20985095,0
2020-06-26,12369182,0,20985095,0
2020-06-27,12369182,0,20985095,0
2020-06-28,12369182,0,20985095,0
2020-06-29,12499380,130198,20956680,-28415
2020-06-30,12527005,27625,20824403,-132277
2020-07-01,12552338,25333,20791418,-32985
2020-07-02,12552338,0,20791418,0
2020-07-03,12552338,0,20791418,0
2020-07-04,12552338,0,20791418,0
2020-07-05,12552338,0,20791418,0
2020-07-06,12658403,106065,21068777,277359
2020-07-07,12658403,0,21068777,0
2020-07-08,12658403,0,21068777,0
2020-07-09,12658403,0,21068777,0
2020-07-10,12658403,0,21068777,0
2020-07-11,12759975,101572,21480456,411679
2020-07-12,12759975,0,21480456,0
2020-07-13,12759975,0,21480456,0
2020-07-14,12759975,0,21480456,0
2020-07-15,12759975,0,21480456,0
2020-07-16,12904257,144282,21775474,295018
2020-07-17,12904257,0,21775474,0
2020-07-18,12904257,0,21775474,0
2020-07-19,12904257,0,21775474,0
2020-07-20,12904257,0,21775474,0
2020-07-21,13124946,220689,22373036,597562
2020-07-22,13124946,0,22373036,0
2020-07-23,13124946,0,22373036,0
2020-07-24,13124946,0,22373036,0
2020-07-25,13124946,0,22373036,0
2020-07-26,13261140,136194,23106915,733879
2020-07-27,13261140,0,23106915,0
2020-07-28,13261140,0,23106915,0
2020-07-29,13261140,0,23106915,0
2020-07-30,13356112,94972,22107049,-999866
2020-07-31,13356112,0,22107049,0
2020-08-01,13356112,0,22107049,0
2020-08-02,13356112,0,22107049,0
2020-08-03,13356112,0,22107049,0
2020-08-04,13484624,128512,20858752,-1248297
2020-08-05,13484624,0,20858752,0
2020-08-06,13484624,0,20858752,0
2020-08-07,13564583,79959,20224722,-634030
2020-08-08,13564583,0,20224722,0
2020-08-09,13564583,0,20224722,0
2020-08-10,13564583,0,20224722,0
2020-08-11,13564583,0,20224722,0
2020-08-12,13676599,112016,19313931,-910791
2020-08-13,13676599,0,19313931,0
2020-08-14,13676599,0,19313931,0
2020-08-15,13676599,0,19313931,0
2020-08-16,13800855,124256,18667226,-646705
2020-08-17,13813520,12665,18492438,-174788
2020-08-18,13835928,22408,18347951,-144487
2020-08-19,13858385,22457,18217874,-130077
2020-08-20,13887517,29132,18217874,0
2020-08-21,13909245,21728,18044601,-173273
2020-08-22,13909245,0,18044601,0
2020-08-23,13909245,0,18044601,0
2020-08-24,13995044,85799,17395229,-649372
2020-08-25,14021639,26595,17395229,0
2020-08-26,14021639,0,17395229,0
2020-08-27,14021639,0,17395229,0
2020-08-28,14097431,75792,16985425,-409804
2020-08-29,14121992,24561,16898190,-87235
2020-08-30,14166551,44559,18020734,1122544
2020-08-31,14196395,29844,18866589,845855
2020-09-01,14221500,25105,19526803,660214
2020-09-02,14246431,24931,20156755,629952
2020-09-03,14271138,24707,20741392,584637
2020-09-04,14299397,28259,21298627,557235
2020-09-05,14329532,30135,21821322,522695
2020-09-06,14359160,29628,21821322,0
2020-09-07,14388575,29415,22919222,1097900
2020-09-08,14413505,24930,23325159,405937
2020-09-09,14437512,24007,23701180,376021
2020-09-10,14461247,23735,24070407,369227
2020-09-11,14461247,0,24070407,0
2020-09-12,14509903,48656,24736859,666452
2020-09-13,14534211,24308,25092895,356036
2020-09-14,14559049,24838,25509985,417090
2020-09-15,14584776,25727,25861321,351336
2020-09-16,14584776,0,25861321,0
2020-09-17,14584776,0,25861321,0
2020-09-18,14584776,0,25861321,0
2020-09-19,14584776,0,25861321,0
2020-09-20,14707635,122859,27210105,1348784
2020-09-21,14733697,26062,27491263,281158
2020-09-22,14733697,0,27491263,0
2020-09-23,14733697,0,27491263,0
2020-09-24,14733697,0,27491263,0
2020-09-25,14733697,0,27491263,0
2020-09-26,14876840,143143,28619117,1127854
2020-09-27,14876840,0,28619117,0
2020-09-28,14951317,74477,27933139,-685978
2020-09-29,14984224,32907,27664843,-268296
2020-09-30,15014132,29908,27664843,0
2020-10-01,15014132,0,27664843,0
2020-10-02,15014132,0,27664843,0
2020-10-03,15014132,0,27664843,0
2020-10-04,15014132,0,27664843,0
2020-10-05,15318510,304378,27306598,-358245
2020-10-06,15318510,0,27306598,0
2020-10-07,15318510,0,27306598,0
2020-10-08,15318510,0,27306598,0
2020-10-09,15318510,0,27306598,0
2020-10-10,15492858,174348,28431690,1125092
2020-10-11,15492858,0,28431690,0
2020-10-12,15492858,0,28431690,0
2020-10-13,15492858,0,28431690,0
2020-10-14,15492858,0,28431690,0
2020-10-15,15630236,137378,28547716,116026
2020-10-16,15630236,0,28547716,0
2020-10-17,15630236,0,28547716,0
2020-10-18,15630236,0,28547716,0
2020-10-19,15630236,0,28547716,0
2020-10-20,15788379,158143,28849373,301657
2020-10-21,15817386,29007,28921911,72538
2020-10-22,15817386,0,28921911,0
2020-10-23,15817386,0,28921911,0
2020-10-24,15817386,0,28921911,0
2020-10-25,15817386,0,28921911,0
2020-10-26,15966128,148742,29178432,256521
2020-10-27,15966128,0,29178432,0
2020-10-28,15966128,0,29178432,0
2020-10-29,15966128,0,29178432,0
2020-10-30,15966128,0,29178432,0
2020-10-31,16102637,136509,29422778,244346
2020-11-01,16102637,0,29422778,0
2020-11-02,16102637,0,29422778,0
2020-11-03,16102637,0,29422778,0
2020-11-04,16102637,0,29422778,0
2020-11-05,16221070,118433,27373910,-2048868
2020-11-06,16221070,0,27373910,0
2020-11-07,16221070,0,27373910,0
2020-11-08,16221070,0,27373910,0
2020-11-09,16221070,0,27373910,0
2020-11-10,16341393,120323,25982821,-1391089
2020-11-11,16341393,0,25982821,0
2020-11-12,16341393,0,25982821,0
2020-11-13,16341393,0,25982821,0
2020-11-14,16341393,0,25982821,0
2020-11-15,16460992,119599,24918088,-1064733
2020-11-16,16460992,0,24918088,0
2020-11-17,16460992,0,24918088,0
2020-11-18,16460992,0,24918088,0
2020-11-19,16460992,0,24918088,0
2020-11-20,16576563,115571,23848393,-1069695
2020-11-21,16576563,0,23848393,0
2020-11-22,16576563,0,23848393,0
2020-11-23,16576563,0,23848393,0
2020-11-24,16576563,0,23848393,0
2020-11-25,16716731,140168,22804719,-1043674
2020-11-26,16716731,0,22804719,0
2020-11-27,16716731,0,22804719,0
2020-11-28,16716731,0,22804719,0
2020-11-29,16716731,0,22804719,0
2020-11-30,16833035,116304,21724253,-1080466
2020-12-01,16833035,0,21724253,0
2020-12-02,16878383,45348,21566364,-157889
2020-12-03,16878383,0,21566364,0
2020-12-04,16878383,0,21566364,0
2020-12-05,16878383,0,21566364,0
2020-12-06,16878383,0,21566364,0
2020-12-07,16878383,0,21566364,0
2020-12-08,17037586,159203,20763169,-803195
2020-12-09,17037586,0,20763169,0
2020-12-10,17037586,0,20763169,0
2020-12-11,17037586,0,20763169,0
2020-12-12,17037586,0,20763169,0
2020-12-13,17175675,138089,20097037,-666132
2020-12-14,17175675,0,20097037,0
2020-12-15,17175675,0,20097037,0
2020-12-16,17288890,113215,19540153,-556884
2020-12-17,17288890,0,19540153,0
2020-12-18,17288890,0,19540153,0
2020-12-19,17288890,0,19540153,0
2020-12-20,17288890,0,19540153,0
2020-12-21,17430095,141205,18884732,-655421
2020-12-23,17430095,0,18884732,0
2020-12-24,17430095,0,18884732,0
2020-12-25,17430095,0,18884732,0
2020-12-26,17567719,137624,18609821,-274911
2020-12-28,17567719,0,18609821,0
2020-12-29,17567719,0,18609821,0
2020-12-30,17567719,0,18609821,0
2020-12-31,17731097,163378,18494057,-115764
2021-01-02,17731097,0,18494057,0
2021-01-03,17731097,0,18494057,0
2021-01-04,17731097,0,18494057,0
2021-01-05,17876103,145006,18384578,-109479
2021-01-06,17876103,0,18384578,0
2021-01-07,17876103,0,18384578,0
2021-01-09,17876103,0,18384578,0
2021-01-11,18020805,144702,18273305,-111273
2021-01-12,18020805,0,18273305,0
2021-01-13,18108723,87918,18205266,-68039
2021-01-14,18108723,0,18205266,0
2021-01-15,18108723,0,18205266,0
2021-01-16,18108723,0,18205266,0
2021-01-17,18108723,0,18205266,0
2021-01-18,18252129,143406,18095635,-109631
2021-01-19,18252129,0,18095635,0
2021-01-20,18252129,0,18095635,0
2021-01-21,18252129,0,18095635,0
2021-01-22,18366602,114473,17973606,-122029
2021-01-23,18366602,0,17973606,0
2021-01-24,18366602,0,17973606,0
2021-01-25,18366602,0,17973606,0
2021-01-26,18366602,0,17973606,0
2021-01-27,18509171,142569,17837680,-135926
2021-01-28,18509171,0,17837680,0
2021-01-29,18509171,0,17837680,0
2021-01-30,18509171,0,17837680,0
2021-01-31,18509171,0,17837680,0
2021-02-01,18644460,135289,17501969,-335711
2021-02-02,18644460,0,17501969,0
2021-02-03,18644460,0,17501969,0
2021-02-04,18644460,0,17501969,0
2021-02-05,18644460,0,17501969,0
2021-02-06,18861088,216628,17400248,-101721
2021-02-07,18861088,0,17400248,0
2021-02-08,18861088,0,17400248,0
2021-02-09,18861088,0,17400248,0
2021-02-10,18987627,126539,17291407,-108841
2021-02-11,19016661,29034,17238961,-52446
2021-02-12,19046362,29701,17207362,-31599
2021-02-13,19074166,27804,17177554,-29808
2021-02-14,19074166,0,17177554,0
2021-02-15,19133316,59150,17105179,-72375
2021-02-16,19160892,27576,17075294,-29885
2021-02-18,19217722,56830,16986177,-89117
2021-02-19,19244473,26751,16936434,-49743
2021-02-20,19271755,27282,16892214,-44220
2021-02-21,19325583,53828,16848578,-43636
2021-02-22,19352632,27049,16808891,-39687
2021-02-23,19379253,26621,16768832,-40059
2021-02-24,19409977,30724,16744042,-24790
2021-02-25,19445048,35071,16711189,-32853
2021-02-26,19445048,0,16682027,-29162
2021-02-27,19478863,33815,16648243,-33784
2021-02-28,19517246,38383,16609092,-39151
2021-03-01,19552789,35543,16580552,-28540
2021-03-02,19588484,35695,16544814,-35738
2021-03-03,19623139,34655,16517736,-27078
2021-03-04,19653232,30093,16464266,-53470
2021-03-05,19683731,30499,16414441,-49825
2021-03-06,19712156,28425,16414441,0
2021-03-07,19740923,28767,16414441,0
2021-03-08,19770572,29649,16414441,0
2021-03-09,19799468,28896,16271780,-142661
2021-03-10,19827068,27600,16244589,-27191
2021-03-11,19854298,27230,16219106,-25483
2021-03-12,19882527,28229,16180531,-38575
2021-03-13,19911753,29226,16143376,-37155
2021-03-14,19956646,44893,16152049,8673
2021-03-15,19991803,35157,16152063,14
2021-03-16,20025526,33723,16136407,-15656
2021-03-17,20055375,29849,16128508,-7899
2021-03-18,20086999,31624,16119993,-8515
2021-03-19,20119956,32957,16117182,-2811
2021-03-20,20149560,29604,16103205,-13977
2021-03-21,20183025,33465,16093427,-9778
2021-03-22,20216943,33918,16086198,-7229
2021-03-23,20246531,29588,16076669,-9529
2021-03-24,20276797,30266,16034512,-42157
2021-03-25,20307452,30655,16027617,-6895
2021-03-26,20337220,29768,16004499,-23118
2021-03-27,20366324,29104,15976958,-27541
2021-03-28,20423497,57173,15925188,-51770
2021-03-29,20451623,28126,15877893,-47295
2021-03-30,20451623,0,15818896,-58997
2021-03-31,20505727,54104,15772567,-46329
2021-04-01,20505727,0,15772567,0
2021-04-02,20532522,26795,15746925,-25642
2021-04-03,20584033,51511,15728917,-18008
2021-04-04,20584033,0,15701391,-27526
2021-04-05,20633755,49722,15657489,-43902
2021-04-06,20657815,24060,15622902,-34587
2021-04-07,20657815,0,15598886,-24016
2021-04-08,20682624,24809,15571731,-27155
2021-04-09,20706656,24032,15551263,-20468
2021-04-10,20754609,47953,15534130,-17133
2021-04-11,20754609,0,15486452,-47678
2021-04-12,20780157,25548,15442297,-44155
2021-04-13,20804748,24591,15399504,-42793
2021-04-14,20829541,24793,15373459,-26045
2021-04-15,20852009,22468,15338240,-35219
2021-04-16,20876548,24539,15299206,-39034
2021-04-17,20901369,24821,15259988,-39218
2021-04-18,20925707,24338,15230459,-29529
2021-04-19,20950428,24721,15189525,-40934
2021-04-20,20975005,24577,15154590,-34935
2021-04-21,20999755,24750,15135105,-19485
2021-04-22,21024255,24500,15111481,-23624
2021-04-23,21048209,23954,15088437,-23044
2021-04-24,21073025,24816,15059234,-29203
2021-04-25,21099206,26181,15034608,-24626
2021-04-26,21124875,25669,15012790,-21818
2021-04-27,21149367,24492,14986744,-26046
2021-04-28,21174499,25132,14960686,-26058
2021-04-29,21201390,26891,14919113,-41573
2021-04-30,21225676,24286,14883920,-35193
2021-05-01,21251115,25439,14849604,-34316
2021-05-02,21278470,27355,14834195,-15409
2021-05-03,21305297,26827,14823162,-11033
2021-05-04,21331214,25917,14810064,-13098
2021-05-05,21356377,25163,14780435,-29629
2021-05-06,21383724,27347,14772621,-7814
2021-05-07,21404795,21071,14748920,-23701
2021-05-08,21428454,23659,14748920,0
2021-05-09,21453167,24713,14734127,-14793
2021-05-10,21477393,24226,14734127,0
2021-05-11,21501175,23782,14726603,-7524
2021-05-12,21525178,24003,14700211,-26392
2021-05-13,21549112,23934,14690120,-10091
2021-05-14,21571999,22887,14682593,-7527
2021-05-15,21594688,22689,14682593,0
2021-05-16,21618095,23407,14662400,-20193
2021-05-17,21641947,23852,14652288,-10112
2021-05-18,21667109,25162,14643691,-8597
2021-05-19,21690346,23237,14643691,0
2021-05-20,21713572,23226,14630936,-12755
2021-05-21,21735618,22046,14622463,-8473
2021-05-22,21758394,22776,14622463,0
2021-05-23,21788292,29898,14622463,0
2021-05-24,21815887,27595,14617428,-5035
2021-05-25,21841790,25903,14613106,-4322
2021-05-26,21867394,25604,14611225,-1881
2021-05-27,21891895,24501,14614836,3611
2021-05-28,21915584,23689,14614836,0
2021-05-29,21940337,24753,14614836,0
2021-05-30,21964951,24614,14609454,-5382
2021-05-31,21988643,23692,14592811,-16643
2021-06-01,22011404,22761,14579467,-13344
2021-06-02,22034397,22993,14579467,0
2021-06-03,22059899,25502,14579467,0
2021-06-04,22084007,24108,14579467,0
2021-06-05,22108175,24168,14627479,48012
2021-06-06,22131534,23359,14627479,0
2021-06-07,22153041,21507,14616152,-11327
2021-06-08,22175174,22133,14620091,3939
2021-06-09,22200204,25030,14619991,-100
2021-06-10,22225011,24807,14619991,0
2021-06-11,22250006,24995,14617503,-2488
2021-06-12,22274277,24271,14627326,9823
2021-06-13,22298769,24492,14631606,4280
2021-06-14,22322740,23971,14634672,3066
2021-06-15,22346935,24195,14632054,-2618
2021-06-16,22370086,23151,14628261,-3793
2021-06-17,22393491,23405,14614404,-13857
2021-06-18,22418130,24639,14603359,-11045
2021-06-19,22443942,25812,14603359,0
2021-06-20,22469379,25437,14573286,-30073
2021-06-21,22495037,25658,14561678,-11608
2021-06-22,22520475,25438,14544450,-17228
2021-06-23,22545686,25211,14535260,-9190
2021-06-24,22572235,26549,14525117,-10143
2021-06-25,22598374,26139,14511331,-13786
2021-06-26,22628589,30215,14520866,9535
2021-06-27,22659362,30773,14520866,0
2021-06-28,22689346,29984,14580451,59585
2021-06-29,22717448,28102,14677729,97278
2021-06-30,22744494,27046,14692754,15025
2021-07-01,22771323,26829,14669918,-22836
2021-07-02,22825945,54622,14640568,-29350
2021-07-03,22825945,0,14616593,-23975
2021-07-04,22852769,26824,14585376,-31217
2021-07-05,22879458,26689,14585376,0
2021-07-06,22906219,26761,14532069,-53307
2021-07-07,22933361,27142,14521247,-10822
2021-07-08,22933361,0,14511637,-9610
2021-07-09,22985003,51642,14511637,0
2021-07-10,23009326,24323,14474505,-37132
2021-07-11,23038882,29556,14462482,-12023
2021-07-12,23065642,26760,14462482,0
2021-07-13,23091100,25458,14416825,-45657
2021-07-14,23117114,26014,14416825,0
2021-07-15,23141651,24537,14407851,-8974
2021-07-16,23186461,44810,14411029,3178
2021-07-17,23186461,0,14411029,0
2021-07-18,23208592,22131,14406816,-4213
2021-07-19,23230376,21784,14411450,4634
2021-07-20,23251956,21580,14421113,9663
2021-07-21,23273480,21524,14421113,0
2021-07-22,23294692,21212,14436070,14957
2021-07-23,23316316,21624,14433683,-2387
2021-07-24,23338261,21945,14415069,-18614
2021-07-25,23361344,23083,14415069,0
2021-07-26,23383307,21963,14273091,-141978
2021-07-27,23405326,22019,14208716,-64375
2021-07-28,23427918,22592,14167215,-41501
2021-07-29,23451079,23161,14160531,-6684
2021-07-30,23473393,22314,14160531,0
2021-07-31,23495030,21637,14157161,-3370
2021-08-01,23517115,22085,14128701,-28460
2021-08-02,23538686,21571,14128701,0
2021-08-03,23559521,20835,14128701,0
2021-08-04,23581722,22201,14107950,-20751
2021-08-05,23603853,22131,14107950,0
2021-08-06,23626293,22440,14106916,-1034
2021-08-07,23648506,22213,14105339,-1577
2021-08-08,23671193,22687,14101665,-3674
2021-08-09,23692988,21795,14090440,-11225
2021-08-10,23715057,22069,14097120,6680
2021-08-11,23737568,22511,14102173,5053
2021-08-12,23759635,22067,14102173,0
2021-08-13,23781727,22092,14101112,-1061
2021-08-14,23804445,22718,14084990,-16122
2021-08-15,23826835,22390,14084990,0
2021-08-16,23848461,21626,14054132,-30858
2021-08-17,23869809,21348,14035628,-18504
2021-08-18,23892316,22507,14035628,0
2021-08-19,23914403,22087,13989517,-46111
2021-08-20,23936359,21956,13961635,-27882
2021-08-21,23957565,21206,13961635,0
2021-08-22,23979647,22082,13929372,-32263
2021-08-23,24001677,22030,13909459,-19913
2021-08-24,24023943,22266,13902682,-6777
2021-08-25,24048601,24658,13902682,0
2021-08-26,24071851,23250,13896638,-6044
2021-08-27,24095019,23168,13896192,-446
2021-08-28,24119147,24128,13896365,173
2021-08-29,24145609,26462,13909305,12940
2021-08-30,24170073,24464,13909305,0
2021-08-31,24195468,25395,13929886,20581
2021-09-01,24231817,36349,13929886,0
2021-09-02,24258354,26537,13933578,3692
2021-09-03,24284195,25841,13932499,-1079
2021-09-04,24309966,25771,13935234,2735
2021-09-05,24338597,28631,14088337,153103
2021-09-06,24365184,26587,14088337,0
2021-09-07,24410604,45420,14180775,92438
2021-09-08,24436441,25837,14180775,0
2021-09-09,24488235,51794,14197309,16534
2021-09-10,24488235,0,14205406,8097
2021-09-11,24514196,25961,14209315,3909
2021-09-12,24560537,46341,14212654,3339
2021-09-13,24593470,32933,14212654,0
2021-09-14,24624784,31314,14212654,0
2021-09-15,24652767,27983,14371004,158350
2021-09-16,24679357,26590,14427340,56336
2021-09-17,24705753,26396,14399437,-27903
2021-09-18,24732296,26543,14447329,47892
2021-09-19,24758850,26554,14468344,21015
2021-09-20,24785736,26886,14488375,20031
2021-09-21,24811200,25464,14503157,14782
2021-09-22,24834906,23706,14516643,13486
2021-09-23,24858494,23588,14527992,11349
2021-09-24,24881971,23477,14527992,0
2021-09-25,24905864,23893,14527992,0
2021-09-26,24932814,26950,14545912,17920
2021-09-27,24959057,26243,14548045,2133
2021-09-28,24985243,26186,14564722,16677
2021-09-29,25009014,23771,14565903,1181
2021-09-30,25032334,23320,14565903,0
2021-10-01,25055325,22991,14573839,7936
2021-10-02,25076338,21013,14590472,16633
2021-10-03,25100195,23857,14590472,0
2021-10-04,25125428,25233,14442059,-148413
2021-10-05,25149115,23687,14424931,-17128
2021-10-06,25194296,45181,14397783,-27148
2021-10-07,25194296,0,14397783,0
2021-10-08,25218653,24357,14385167,-12616
2021-10-09,25241954,23301,14385522,355
2021-10-10,25263596,21642,14361444,-24078
2021-10-11,25288148,24552,14361444,0
2021-10-12,25311899,23751,14332619,-28825
2021-10-13,25333821,21922,14332619,0
2021-10-14,25356909,23088,14313101,-19518
2021-10-15,25378920,22011,14297515,-15586
2021-10-16,25401835,22915,14297515,0
2021-10-17,25424998,23163,14289951,-7564
2021-10-18,25449509,24511,14287729,-2222
2021-10-19,25474757,25248,14281100,-6629
2021-10-20,25501595,26838,14275281,-5819
2021-10-21,25525810,24215,14280357,5076
2021-10-22,25548599,22789,14280357,0
2021-10-23,25579513,30914,14268992,-11365
2021-10-24,25606523,27010,14268992,0
2021-10-25,25632057,25534,14262997,-5995
2021-10-26,25655920,23863,14251172,-11825
2021-10-27,25678221,22301,14251172,0
2021-10-28,25700710,22489,14238030,-13142
2021-10-29,25723059,22349,14229492,-8538
2021-10-30,25745338,22279,14229819,327
2021-10-31,25768045,22707,14221585,-8234
2021-11-01,25792684,24639,14210673,-10912
2021-11-02,25815452,22768,14199091,-11582
2021-11-03,25836352,20900,14179056,-20035
2021-11-04,25857433,21081,14163969,-15087
2021-11-05,25878874,21441,14150591,-13378
2021-11-06,25899763,20889,14124935,-25656
2021-11-07,25921034,21271,14091656,-33279
2021-11-08,25943830,22796,14063865,-27791
2021-11-09,25966930,23100,14045009,-18856
2021-11-10,25987585,20655,14016431,-28578
2021-11-11,26008874,21289,14006162,-10269
2021-11-12,26030708,21834,14000527,-5635
2021-11-13,26051694,20986,13985556,-14971
2021-11-14,26073491,21797,13965687,-19869
2021-11-15,26096236,22745,13965811,124
2021-11-16,26118790,22554,13957132,-8679
2021-11-17,26140000,21210,13951047,-6085
2021-11-18,26160847,20847,13941266,-9781
2021-11-19,26189595,28748,13945279,4013
2021-11-20,26214665,25070,13937104,-8175
2021-11-21,26240980,26315,13936434,-670
2021-11-22,26266261,25281,13926545,-9889
2021-11-23,26290279,24018,13926940,395
2021-11-24,26311655,21376,13924703,-2237
2021-11-25,26332650,20995,13922544,-2159
2021-11-26,26353328,20678,13912914,-9630
2021-11-27,26395679,42351,13908913,-4001
2021-11-28,26395679,0,13885760,-23153
2021-11-29,26418621,22942,13871420,-14340
2021-11-30,26441116,22495,13857692,-13728
2021-12-01,26461423,20307,13847191,-10501
2021-12-02,26481884,20461,13841434,-5757
2021-12-03,26507339,25455,13855746,14312
2021-12-04,26538722,31383,13909741,53995
2021-12-05,26566092,27370,13955978,46237
2021-12-06,26593092,27000,13998087,42109
2021-12-07,26619108,26016,14018522,20435
2021-12-08,26641534,22426,14036852,18330
2021-12-09,26663120,21586,14053769,16917
2021-12-10,26685644,22524,14059629,5860
2021-12-11,26708261,22617,14065441,5812
2021-12-12,26733008,24747,14075487,10046
2021-12-13,26758021,25013,14077901,2414
2021-12-14,26782183,24162,14082547,4646
2021-12-15,26804039,21856,14092512,9965
2021-12-16,26825740,21701,14097330,4818
2021-12-17,26847016,21276,14091760,-5570
2021-12-18,26868489,21473,14092652,892
2021-12-19,26889924,21435,14083609,-9043
2021-12-20,26913433,23509,14078208,-5401
2021-12-21,26936427,22994,14064880,-13328
2021-12-22,26957489,21062,14065756,876
2021-12-23,26978578,21089,14049991,-15765
2021-12-24,26999730,21152,14039902,-10089
2021-12-25,27021359,21629,14037706,-2196
2021-12-26,27044045,22686,14029144,-8562
2021-12-27,27072878,28833,13993802,-35342
2021-12-28,27099172,26294,13974961,-18841
2021-12-29,27123848,24676,13983805,8844
2021-12-30,27147538,23690,13993666,9861
2021-12-31,27170758,23220,13986563,-7103
2022-01-01,27194128,23370,13977719,-8844
2022-01-02,27216692,22564,14013285,35566
2022-01-03,27238124,21432,13964305,-48980
2022-01-05,27282575,44451,13924512,-39793
2022-01-06,27304846,22271,13911243,-13269
2022-01-07,27327282,22436,13892287,-18956
2022-01-08,27352291,25009,13878119,-14168
2022-01-10,27428268,75977,13842617,-35502
2022-01-11,27428268,0,13818162,-24455
2022-01-12,27451331,23063,13808506,-9656
2022-01-13,27474107,22776,13796137,-12369
2022-01-14,27496882,22775,13785413,-10724
2022-01-15,27519439,22557,13789328,3915
2022-01-16,27542282,22843,13785661,-3667
2022-01-17,27566509,24227,13780897,-4764
2022-01-18,27589989,23480,13773617,-7280
2022-01-19,27612312,22323,13761669,-11948
2022-01-20,27635594,23282,13753058,-8611
2022-01-21,27659380,23786,13748989,-4069
2022-01-22,27683333,23953,13736206,-12783
2022-01-23,27733312,49979,13728210,-7996
2022-01-24,27758014,24702,13768518,40308
2022-01-25,27758014,0,13790019,21501
2022-01-26,27780953,22939,13789324,-695
